Year,Recipient,Series,Type,Value
2013,Afghanistan,NGOs,Channel,150.3
2013,Afghanistan,Multilateral organisations,Channel,252.5
2013,Afghanistan,Public sector,Channel,3.2
2013,Afghanistan,Pooled fund,Channel,13.7
2013,Afghanistan,RCRC,Channel,84
2013,Afghanistan,Not reported,Channel,11.4
2013,Afghanistan,Other,Channel,19.2
2013,DRC,NGOs,Channel,157.2
2013,DRC,Multilateral organisations,Channel,475.7
2013,DRC,Public sector,Channel,1.1
2013,DRC,Pooled fund,Channel,84.2
2013,DRC,RCRC,Channel,87.9
2013,DRC,Not reported,Channel,18.9
2013,DRC,Other,Channel,20.2
2013,Ethiopia,NGOs,Channel,141.1
2013,Ethiopia,Multilateral organisations,Channel,393.9
2013,Ethiopia,Public sector,Channel,0.8
2013,Ethiopia,Pooled fund,Channel,39.2
2013,Ethiopia,RCRC,Channel,4.7
2013,Ethiopia,Not reported,Channel,2
2013,Ethiopia,Other,Channel,1.5
2013,Lebanon,NGOs,Channel,230.1
2013,Lebanon,Multilateral organisations,Channel,714.2
2013,Lebanon,Public sector,Channel,14.2
2013,Lebanon,Pooled fund,Channel,  -    
2013,Lebanon,RCRC,Channel,32.1
2013,Lebanon,Not reported,Channel,72.9
2013,Lebanon,Other,Channel,3.8
2013,Somalia,NGOs,Channel,187.1
2013,Somalia,Multilateral organisations,Channel,397.7
2013,Somalia,Public sector,Channel,3.9
2013,Somalia,Pooled fund,Channel,76.7
2013,Somalia,RCRC,Channel,34.9
2013,Somalia,Not reported,Channel,72.8
2013,Somalia,Other,Channel,4.7
2013,South Sudan,NGOs,Channel,289.8
2013,South Sudan,Multilateral organisations,Channel,583
2013,South Sudan,Public sector,Channel,9.3
2013,South Sudan,Pooled fund,Channel,94.9
2013,South Sudan,RCRC,Channel,52.5
2013,South Sudan,Not reported,Channel,7
2013,South Sudan,Other,Channel,2.4
2013,Sudan,NGOs,Channel,95.7
2013,Sudan,Multilateral organisations,Channel,515.7
2013,Sudan,Public sector,Channel,10.4
2013,Sudan,Pooled fund,Channel,69
2013,Sudan,RCRC,Channel,35.7
2013,Sudan,Not reported,Channel,11
2013,Sudan,Other,Channel,1.3
2013,Syria,NGOs,Channel,352.6
2013,Syria,Multilateral organisations,Channel,"1,117.10"
2013,Syria,Public sector,Channel,1.2
2013,Syria,Pooled fund,Channel,35
2013,Syria,RCRC,Channel,80.1
2013,Syria,Not reported,Channel,128.9
2013,Syria,Other,Channel,2.1
2013,Ukraine,NGOs,Channel,0.2
2013,Ukraine,Multilateral organisations,Channel,  -    
2013,Ukraine,Public sector,Channel,  -    
2013,Ukraine,Pooled fund,Channel,  -    
2013,Ukraine,RCRC,Channel,  -    
2013,Ukraine,Not reported,Channel,  -    
2013,Ukraine,Other,Channel,  -    
2013,Yemen,NGOs,Channel,107
2013,Yemen,Multilateral organisations,Channel,321.5
2013,Yemen,Public sector,Channel,  -    
2013,Yemen,Pooled fund,Channel,17.3
2013,Yemen,RCRC,Channel,8.9
2013,Yemen,Not reported,Channel,28.1
2013,Yemen,Other,Channel,0.8
2014,Afghanistan,NGOs,Channel,136.3
2014,Afghanistan,Multilateral organisations,Channel,417.4
2014,Afghanistan,Public sector,Channel,4.8
2014,Afghanistan,Pooled fund,Channel,40.7
2014,Afghanistan,RCRC,Channel,70.3
2014,Afghanistan,Not reported,Channel,27.4
2014,Afghanistan,Other,Channel,0.8
2014,DRC,NGOs,Channel,239.9
2014,DRC,Multilateral organisations,Channel,261.6
2014,DRC,Public sector,Channel,4.9
2014,DRC,Pooled fund,Channel,56.9
2014,DRC,RCRC,Channel,53.8
2014,DRC,Not reported,Channel,4.7
2014,DRC,Other,Channel,17.2
2014,Ethiopia,NGOs,Channel,201.2
2014,Ethiopia,Multilateral organisations,Channel,359.1
2014,Ethiopia,Public sector,Channel,0.2
2014,Ethiopia,Pooled fund,Channel,30.7
2014,Ethiopia,RCRC,Channel,5.4
2014,Ethiopia,Not reported,Channel,6.1
2014,Ethiopia,Other,Channel,  -    
2014,Lebanon,NGOs,Channel,238
2014,Lebanon,Multilateral organisations,Channel,807.7
2014,Lebanon,Public sector,Channel,19.4
2014,Lebanon,Pooled fund,Channel,4.7
2014,Lebanon,RCRC,Channel,48.9
2014,Lebanon,Not reported,Channel,18.4
2014,Lebanon,Other,Channel,2.1
2014,Somalia,NGOs,Channel,140.7
2014,Somalia,Multilateral organisations,Channel,482.7
2014,Somalia,Public sector,Channel,6.6
2014,Somalia,Pooled fund,Channel,40.6
2014,Somalia,RCRC,Channel,66.6
2014,Somalia,Not reported,Channel,121.5
2014,Somalia,Other,Channel,0.2
2014,South Sudan,NGOs,Channel,490.6
2014,South Sudan,Multilateral organisations,Channel,"2,142.10"
2014,South Sudan,Public sector,Channel,5.9
2014,South Sudan,Pooled fund,Channel,156.2
2014,South Sudan,RCRC,Channel,121.4
2014,South Sudan,Not reported,Channel,64.4
2014,South Sudan,Other,Channel,21.4
2014,Sudan,NGOs,Channel,109.7
2014,Sudan,Multilateral organisations,Channel,819.1
2014,Sudan,Public sector,Channel,1.2
2014,Sudan,Pooled fund,Channel,52.7
2014,Sudan,RCRC,Channel,20.5
2014,Sudan,Not reported,Channel,7.7
2014,Sudan,Other,Channel,1.9
2014,Syria,NGOs,Channel,546.4
2014,Syria,Multilateral organisations,Channel,"1,239.70"
2014,Syria,Public sector,Channel,148
2014,Syria,Pooled fund,Channel,38.1
2014,Syria,RCRC,Channel,131.3
2014,Syria,Not reported,Channel,318.9
2014,Syria,Other,Channel,3.8
2014,Ukraine,NGOs,Channel,25.7
2014,Ukraine,Multilateral organisations,Channel,33.3
2014,Ukraine,Public sector,Channel,1.2
2014,Ukraine,Pooled fund,Channel,  -    
2014,Ukraine,RCRC,Channel,15.4
2014,Ukraine,Not reported,Channel,1.2
2014,Ukraine,Other,Channel,0.7
2014,Yemen,NGOs,Channel,114.2
2014,Yemen,Multilateral organisations,Channel,409.4
2014,Yemen,Public sector,Channel,  -    
2014,Yemen,Pooled fund,Channel,30.7
2014,Yemen,RCRC,Channel,14.7
2014,Yemen,Not reported,Channel,15.7
2014,Yemen,Other,Channel,1.7
2015,Afghanistan,NGOs,Channel,96.5
2015,Afghanistan,Multilateral organisations,Channel,414.6
2015,Afghanistan,Public sector,Channel,4
2015,Afghanistan,Pooled fund,Channel,41.6
2015,Afghanistan,RCRC,Channel,76.5
2015,Afghanistan,Not reported,Channel,2.2
2015,Afghanistan,Other,Channel,1.1
2015,DRC,NGOs,Channel,159.2
2015,DRC,Multilateral organisations,Channel,383.1
2015,DRC,Public sector,Channel,  -    
2015,DRC,Pooled fund,Channel,41.1
2015,DRC,RCRC,Channel,46.4
2015,DRC,Not reported,Channel,3.1
2015,DRC,Other,Channel,23.2
2015,Ethiopia,NGOs,Channel,127.1
2015,Ethiopia,Multilateral organisations,Channel,375.2
2015,Ethiopia,Public sector,Channel,9.7
2015,Ethiopia,Pooled fund,Channel,63
2015,Ethiopia,RCRC,Channel,6.7
2015,Ethiopia,Not reported,Channel,3.1
2015,Ethiopia,Other,Channel,2.6
2015,Lebanon,NGOs,Channel,274.7
2015,Lebanon,Multilateral organisations,Channel,"1,079.00"
2015,Lebanon,Public sector,Channel,39.3
2015,Lebanon,Pooled fund,Channel,23
2015,Lebanon,RCRC,Channel,49.8
2015,Lebanon,Not reported,Channel,41.4
2015,Lebanon,Other,Channel,5.1
2015,Somalia,NGOs,Channel,134.5
2015,Somalia,Multilateral organisations,Channel,511.7
2015,Somalia,Public sector,Channel,1.3
2015,Somalia,Pooled fund,Channel,26.4
2015,Somalia,RCRC,Channel,49.3
2015,Somalia,Not reported,Channel,137.3
2015,Somalia,Other,Channel,1.2
2015,South Sudan,NGOs,Channel,468.8
2015,South Sudan,Multilateral organisations,Channel,"1,167.30"
2015,South Sudan,Public sector,Channel,4.7
2015,South Sudan,Pooled fund,Channel,107.7
2015,South Sudan,RCRC,Channel,137.1
2015,South Sudan,Not reported,Channel,9.1
2015,South Sudan,Other,Channel,3.5
2015,Sudan,NGOs,Channel,104.3
2015,Sudan,Multilateral organisations,Channel,984.5
2015,Sudan,Public sector,Channel,4.1
2015,Sudan,Pooled fund,Channel,46.6
2015,Sudan,RCRC,Channel,17.8
2015,Sudan,Not reported,Channel,29.2
2015,Sudan,Other,Channel,0.5
2015,Syria,NGOs,Channel,791.6
2015,Syria,Multilateral organisations,Channel,"1,717.40"
2015,Syria,Public sector,Channel,1.3
2015,Syria,Pooled fund,Channel,48.9
2015,Syria,RCRC,Channel,283.3
2015,Syria,Not reported,Channel,327
2015,Syria,Other,Channel,8.7
2015,Ukraine,NGOs,Channel,42.8
2015,Ukraine,Multilateral organisations,Channel,166.3
2015,Ukraine,Public sector,Channel,7.3
2015,Ukraine,Pooled fund,Channel,  -    
2015,Ukraine,RCRC,Channel,63.5
2015,Ukraine,Not reported,Channel,35
2015,Ukraine,Other,Channel,1.4
2015,Yemen,NGOs,Channel,132.7
2015,Yemen,Multilateral organisations,Channel,987
2015,Yemen,Public sector,Channel,151.4
2015,Yemen,Pooled fund,Channel,62.9
2015,Yemen,RCRC,Channel,649.8
2015,Yemen,Not reported,Channel,130.1
2015,Yemen,Other,Channel,77.8
2016,Afghanistan,NGOs,Channel,125.1
2016,Afghanistan,Multilateral organisations,Channel,335.2
2016,Afghanistan,Public sector,Channel,3.1
2016,Afghanistan,Pooled fund,Channel,72
2016,Afghanistan,RCRC,Channel,98.8
2016,Afghanistan,Not reported,Channel,0.3
2016,Afghanistan,Other,Channel,1.1
2016,DRC,NGOs,Channel,176.7
2016,DRC,Multilateral organisations,Channel,283.5
2016,DRC,Public sector,Channel,7.6
2016,DRC,Pooled fund,Channel,55.6
2016,DRC,RCRC,Channel,60.1
2016,DRC,Not reported,Channel,10.3
2016,DRC,Other,Channel,17.7
2016,Ethiopia,NGOs,Channel,554.7
2016,Ethiopia,Multilateral organisations,Channel,900.3
2016,Ethiopia,Public sector,Channel,38.8
2016,Ethiopia,Pooled fund,Channel,68.1
2016,Ethiopia,RCRC,Channel,6
2016,Ethiopia,Not reported,Channel,10.2
2016,Ethiopia,Other,Channel,2.6
2016,Lebanon,NGOs,Channel,348.6
2016,Lebanon,Multilateral organisations,Channel,"1,123.60"
2016,Lebanon,Public sector,Channel,46.2
2016,Lebanon,Pooled fund,Channel,14.7
2016,Lebanon,RCRC,Channel,35.1
2016,Lebanon,Not reported,Channel,14.7
2016,Lebanon,Other,Channel,1.7
2016,Somalia,NGOs,Channel,205.1
2016,Somalia,Multilateral organisations,Channel,694.4
2016,Somalia,Public sector,Channel,5.4
2016,Somalia,Pooled fund,Channel,43
2016,Somalia,RCRC,Channel,56.5
2016,Somalia,Not reported,Channel,18.8
2016,Somalia,Other,Channel,12.1
2016,South Sudan,NGOs,Channel,321.3
2016,South Sudan,Multilateral organisations,Channel,"1,789.90"
2016,South Sudan,Public sector,Channel,1.4
2016,South Sudan,Pooled fund,Channel,67.4
2016,South Sudan,RCRC,Channel,133.6
2016,South Sudan,Not reported,Channel,4.7
2016,South Sudan,Other,Channel,0.5
2016,Sudan,NGOs,Channel,134.1
2016,Sudan,Multilateral organisations,Channel,959.4
2016,Sudan,Public sector,Channel,3.6
2016,Sudan,Pooled fund,Channel,56.1
2016,Sudan,RCRC,Channel,13
2016,Sudan,Not reported,Channel,3.2
2016,Sudan,Other,Channel,  -    
2016,Syria,NGOs,Channel,747.6
2016,Syria,Multilateral organisations,Channel,"2,142.70"
2016,Syria,Public sector,Channel,45.6
2016,Syria,Pooled fund,Channel,129.7
2016,Syria,RCRC,Channel,160.5
2016,Syria,Not reported,Channel,411.5
2016,Syria,Other,Channel,119.4
2016,Ukraine,NGOs,Channel,67.8
2016,Ukraine,Multilateral organisations,Channel,108.8
2016,Ukraine,Public sector,Channel,20.7
2016,Ukraine,Pooled fund,Channel,  -    
2016,Ukraine,RCRC,Channel,59.8
2016,Ukraine,Not reported,Channel,6.6
2016,Ukraine,Other,Channel,  -    
2016,Yemen,NGOs,Channel,293.1
2016,Yemen,Multilateral organisations,Channel,937.4
2016,Yemen,Public sector,Channel,289.3
2016,Yemen,Pooled fund,Channel,124.9
2016,Yemen,RCRC,Channel,450.1
2016,Yemen,Not reported,Channel,158.8
2016,Yemen,Other,Channel,1.9
2017,Afghanistan,NGOs,Channel,142.1
2017,Afghanistan,Multilateral organisations,Channel,244.5
2017,Afghanistan,Public sector,Channel,1.3
2017,Afghanistan,Pooled fund,Channel,43.6
2017,Afghanistan,RCRC,Channel,57
2017,Afghanistan,Not reported,Channel,2.2
2017,Afghanistan,Other,Channel,  -    
2017,DRC,NGOs,Channel,157.9
2017,DRC,Multilateral organisations,Channel,331
2017,DRC,Public sector,Channel,1.4
2017,DRC,Pooled fund,Channel,52
2017,DRC,RCRC,Channel,86.7
2017,DRC,Not reported,Channel,24.4
2017,DRC,Other,Channel,3.9
2017,Ethiopia,NGOs,Channel,405.8
2017,Ethiopia,Multilateral organisations,Channel,594.9
2017,Ethiopia,Public sector,Channel,73.7
2017,Ethiopia,Pooled fund,Channel,93.5
2017,Ethiopia,RCRC,Channel,8.8
2017,Ethiopia,Not reported,Channel,12.8
2017,Ethiopia,Other,Channel,1.3
2017,Lebanon,NGOs,Channel,273.2
2017,Lebanon,Multilateral organisations,Channel,"1,140.90"
2017,Lebanon,Public sector,Channel,40.2
2017,Lebanon,Pooled fund,Channel,14
2017,Lebanon,RCRC,Channel,27.3
2017,Lebanon,Not reported,Channel,16.8
2017,Lebanon,Other,Channel,7.7
2017,Somalia,NGOs,Channel,342.2
2017,Somalia,Multilateral organisations,Channel,"1,334.70"
2017,Somalia,Public sector,Channel,18.2
2017,Somalia,Pooled fund,Channel,59.3
2017,Somalia,RCRC,Channel,116.2
2017,Somalia,Not reported,Channel,184.1
2017,Somalia,Other,Channel,5.5
2017,South Sudan,NGOs,Channel,391.4
2017,South Sudan,Multilateral organisations,Channel,"1,688.20"
2017,South Sudan,Public sector,Channel,78.7
2017,South Sudan,Pooled fund,Channel,89.3
2017,South Sudan,RCRC,Channel,129.3
2017,South Sudan,Not reported,Channel,12.9
2017,South Sudan,Other,Channel,0.2
2017,Sudan,NGOs,Channel,111.9
2017,Sudan,Multilateral organisations,Channel,629.3
2017,Sudan,Public sector,Channel,3.3
2017,Sudan,Pooled fund,Channel,40.2
2017,Sudan,RCRC,Channel,17.5
2017,Sudan,Not reported,Channel,28.8
2017,Sudan,Other,Channel,0.8
2017,Syria,NGOs,Channel,503.2
2017,Syria,Multilateral organisations,Channel,"2,385.70"
2017,Syria,Public sector,Channel,10.1
2017,Syria,Pooled fund,Channel,107.3
2017,Syria,RCRC,Channel,162.8
2017,Syria,Not reported,Channel,353.4
2017,Syria,Other,Channel,24.5
2017,Ukraine,NGOs,Channel,26.3
2017,Ukraine,Multilateral organisations,Channel,59
2017,Ukraine,Public sector,Channel,40.2
2017,Ukraine,Pooled fund,Channel,  -    
2017,Ukraine,RCRC,Channel,46.1
2017,Ukraine,Not reported,Channel,8.3
2017,Ukraine,Other,Channel,  -    
2017,Yemen,NGOs,Channel,334.2
2017,Yemen,Multilateral organisations,Channel,"2,382.20"
2017,Yemen,Public sector,Channel,210.7
2017,Yemen,Pooled fund,Channel,201.1
2017,Yemen,RCRC,Channel,274.5
2017,Yemen,Not reported,Channel,171.4
2017,Yemen,Other,Channel,3.5
2018,Afghanistan,NGOs,Channel,202.5
2018,Afghanistan,Multilateral organisations,Channel,402.8
2018,Afghanistan,Public sector,Channel,1.2
2018,Afghanistan,Pooled fund,Channel,50.3
2018,Afghanistan,RCRC,Channel,41.1
2018,Afghanistan,Not reported,Channel,2.4
2018,Afghanistan,Other,Channel,  -    
2018,DRC,NGOs,Channel,293.3
2018,DRC,Multilateral organisations,Channel,716.9
2018,DRC,Public sector,Channel,18
2018,DRC,Pooled fund,Channel,125.1
2018,DRC,RCRC,Channel,77.3
2018,DRC,Not reported,Channel,75.7
2018,DRC,Other,Channel,0.1
2018,Ethiopia,NGOs,Channel,425.4
2018,Ethiopia,Multilateral organisations,Channel,526.9
2018,Ethiopia,Public sector,Channel,4.2
2018,Ethiopia,Pooled fund,Channel,81.9
2018,Ethiopia,RCRC,Channel,14.7
2018,Ethiopia,Not reported,Channel,14.9
2018,Ethiopia,Other,Channel,1.8
2018,Lebanon,NGOs,Channel,115.5
2018,Lebanon,Multilateral organisations,Channel,"1,118.10"
2018,Lebanon,Public sector,Channel,47.5
2018,Lebanon,Pooled fund,Channel,11.1
2018,Lebanon,RCRC,Channel,35.5
2018,Lebanon,Not reported,Channel,15.3
2018,Lebanon,Other,Channel,3.7
2018,Somalia,NGOs,Channel,336.9
2018,Somalia,Multilateral organisations,Channel,945.3
2018,Somalia,Public sector,Channel,20.1
2018,Somalia,Pooled fund,Channel,57.7
2018,Somalia,RCRC,Channel,54.5
2018,Somalia,Not reported,Channel,216.3
2018,Somalia,Other,Channel,0.9
2018,South Sudan,NGOs,Channel,510.6
2018,South Sudan,Multilateral organisations,Channel,"1,273.20"
2018,South Sudan,Public sector,Channel,1.6
2018,South Sudan,Pooled fund,Channel,95.9
2018,South Sudan,RCRC,Channel,109.2
2018,South Sudan,Not reported,Channel,2.7
2018,South Sudan,Other,Channel,1.5
2018,Sudan,NGOs,Channel,66.7
2018,Sudan,Multilateral organisations,Channel,765
2018,Sudan,Public sector,Channel,5.1
2018,Sudan,Pooled fund,Channel,49.1
2018,Sudan,RCRC,Channel,9.5
2018,Sudan,Not reported,Channel,67.2
2018,Sudan,Other,Channel,0.2
2018,Syria,NGOs,Channel,664.1
2018,Syria,Multilateral organisations,Channel,"1,573.80"
2018,Syria,Public sector,Channel,8.6
2018,Syria,Pooled fund,Channel,167.1
2018,Syria,RCRC,Channel,213.9
2018,Syria,Not reported,Channel,463.6
2018,Syria,Other,Channel,5.5
2018,Ukraine,NGOs,Channel,41.6
2018,Ukraine,Multilateral organisations,Channel,43.7
2018,Ukraine,Public sector,Channel,20.8
2018,Ukraine,Pooled fund,Channel,  -    
2018,Ukraine,RCRC,Channel,57.3
2018,Ukraine,Not reported,Channel,5.9
2018,Ukraine,Other,Channel,  -    
2018,Yemen,NGOs,Channel,323.3
2018,Yemen,Multilateral organisations,Channel,"2,543.10"
2018,Yemen,Public sector,Channel,773
2018,Yemen,Pooled fund,Channel,221.4
2018,Yemen,RCRC,Channel,"1,347.20"
2018,Yemen,Not reported,Channel,414.6
2018,Yemen,Other,Channel,46.1
2019,Afghanistan,NGOs,Channel,163
2019,Afghanistan,Multilateral organisations,Channel,305.6
2019,Afghanistan,Public sector,Channel,2.9
2019,Afghanistan,Pooled fund,Channel,107.9
2019,Afghanistan,RCRC,Channel,48.1
2019,Afghanistan,Not reported,Channel,79.3
2019,Afghanistan,Other,Channel,1.4
2019,DRC,NGOs,Channel,362.8
2019,DRC,Multilateral organisations,Channel,674.3
2019,DRC,Public sector,Channel,8
2019,DRC,Pooled fund,Channel,83.4
2019,DRC,RCRC,Channel,100.7
2019,DRC,Not reported,Channel,171.1
2019,DRC,Other,Channel,0.9
2019,Ethiopia,NGOs,Channel,284.3
2019,Ethiopia,Multilateral organisations,Channel,619
2019,Ethiopia,Public sector,Channel,40.2
2019,Ethiopia,Pooled fund,Channel,71.1
2019,Ethiopia,RCRC,Channel,18.3
2019,Ethiopia,Not reported,Channel,2.6
2019,Ethiopia,Other,Channel,  -    
2019,Lebanon,NGOs,Channel,77.4
2019,Lebanon,Multilateral organisations,Channel,"1,087.20"
2019,Lebanon,Public sector,Channel,84.7
2019,Lebanon,Pooled fund,Channel,14.5
2019,Lebanon,RCRC,Channel,42.2
2019,Lebanon,Not reported,Channel,32.2
2019,Lebanon,Other,Channel,6.2
2019,Somalia,NGOs,Channel,262.6
2019,Somalia,Multilateral organisations,Channel,677.2
2019,Somalia,Public sector,Channel,13.1
2019,Somalia,Pooled fund,Channel,67
2019,Somalia,RCRC,Channel,37.7
2019,Somalia,Not reported,Channel,131.4
2019,Somalia,Other,Channel,1.5
2019,South Sudan,NGOs,Channel,370.2
2019,South Sudan,Multilateral organisations,Channel,"1,014.00"
2019,South Sudan,Public sector,Channel,6.6
2019,South Sudan,Pooled fund,Channel,77
2019,South Sudan,RCRC,Channel,100.7
2019,South Sudan,Not reported,Channel,4.9
2019,South Sudan,Other,Channel,2.9
2019,Sudan,NGOs,Channel,84.1
2019,Sudan,Multilateral organisations,Channel,505.3
2019,Sudan,Public sector,Channel,20.5
2019,Sudan,Pooled fund,Channel,66.7
2019,Sudan,RCRC,Channel,14.3
2019,Sudan,Not reported,Channel,81.2
2019,Sudan,Other,Channel,  -    
2019,Syria,NGOs,Channel,823
2019,Syria,Multilateral organisations,Channel,"1,346.20"
2019,Syria,Public sector,Channel,13
2019,Syria,Pooled fund,Channel,232.9
2019,Syria,RCRC,Channel,218.9
2019,Syria,Not reported,Channel,359.8
2019,Syria,Other,Channel,25
2019,Ukraine,NGOs,Channel,48.7
2019,Ukraine,Multilateral organisations,Channel,45
2019,Ukraine,Public sector,Channel,28.7
2019,Ukraine,Pooled fund,Channel,7.8
2019,Ukraine,RCRC,Channel,44.7
2019,Ukraine,Not reported,Channel,7.9
2019,Ukraine,Other,Channel,0.1
2019,Yemen,NGOs,Channel,394.4
2019,Yemen,Multilateral organisations,Channel,"2,946.40"
2019,Yemen,Public sector,Channel,225
2019,Yemen,Pooled fund,Channel,188.7
2019,Yemen,RCRC,Channel,113.8
2019,Yemen,Not reported,Channel,665.5
2019,Yemen,Other,Channel,40.6
2020,Afghanistan,NGOs,Channel,228.4
2020,Afghanistan,Multilateral organisations,Channel,492.5
2020,Afghanistan,Public sector,Channel,5.3
2020,Afghanistan,Pooled fund,Channel,65.9
2020,Afghanistan,RCRC,Channel,58.7
2020,Afghanistan,Not reported,Channel,28.7
2020,Afghanistan,Other,Channel,3.1
2020,DRC,NGOs,Channel,422.1
2020,DRC,Multilateral organisations,Channel,676.6
2020,DRC,Public sector,Channel,6
2020,DRC,Pooled fund,Channel,75.3
2020,DRC,RCRC,Channel,82
2020,DRC,Not reported,Channel,28
2020,DRC,Other,Channel,4
2020,Ethiopia,NGOs,Channel,309.3
2020,Ethiopia,Multilateral organisations,Channel,706.2
2020,Ethiopia,Public sector,Channel,44.4
2020,Ethiopia,Pooled fund,Channel,69.3
2020,Ethiopia,RCRC,Channel,31.5
2020,Ethiopia,Not reported,Channel,28.7
2020,Ethiopia,Other,Channel,0.4
2020,Lebanon,NGOs,Channel,213.3
2020,Lebanon,Multilateral organisations,Channel,"1,407.40"
2020,Lebanon,Public sector,Channel,106.1
2020,Lebanon,Pooled fund,Channel,17.3
2020,Lebanon,RCRC,Channel,84.2
2020,Lebanon,Not reported,Channel,72.9
2020,Lebanon,Other,Channel,22.4
2020,Somalia,NGOs,Channel,335.2
2020,Somalia,Multilateral organisations,Channel,728.8
2020,Somalia,Public sector,Channel,25
2020,Somalia,Pooled fund,Channel,69.4
2020,Somalia,RCRC,Channel,25.4
2020,Somalia,Not reported,Channel,84.8
2020,Somalia,Other,Channel,3.8
2020,South Sudan,NGOs,Channel,410.8
2020,South Sudan,Multilateral organisations,Channel,"1,073.90"
2020,South Sudan,Public sector,Channel,61
2020,South Sudan,Pooled fund,Channel,72.5
2020,South Sudan,RCRC,Channel,77
2020,South Sudan,Not reported,Channel,10.3
2020,South Sudan,Other,Channel,4.5
2020,Sudan,NGOs,Channel,185.8
2020,Sudan,Multilateral organisations,Channel,768
2020,Sudan,Public sector,Channel,57.6
2020,Sudan,Pooled fund,Channel,78.3
2020,Sudan,RCRC,Channel,17.3
2020,Sudan,Not reported,Channel,38.5
2020,Sudan,Other,Channel,0.6
2020,Syria,NGOs,Channel,"1,243.70"
2020,Syria,Multilateral organisations,Channel,"1,616.40"
2020,Syria,Public sector,Channel,7.7
2020,Syria,Pooled fund,Channel,237.9
2020,Syria,RCRC,Channel,218.5
2020,Syria,Not reported,Channel,84.2
2020,Syria,Other,Channel,35.3
2020,Ukraine,NGOs,Channel,78.4
2020,Ukraine,Multilateral organisations,Channel,73
2020,Ukraine,Public sector,Channel,27
2020,Ukraine,Pooled fund,Channel,10.9
2020,Ukraine,RCRC,Channel,57.5
2020,Ukraine,Not reported,Channel,9.7
2020,Ukraine,Other,Channel,  -    
2020,Yemen,NGOs,Channel,365.9
2020,Yemen,Multilateral organisations,Channel,"1,796.20"
2020,Yemen,Public sector,Channel,70.9
2020,Yemen,Pooled fund,Channel,105.7
2020,Yemen,RCRC,Channel,80.1
2020,Yemen,Not reported,Channel,11.8
2020,Yemen,Other,Channel,35.5
2021,Afghanistan,NGOs,Channel,228.3
2021,Afghanistan,Multilateral organisations,Channel,"1,216.80"
2021,Afghanistan,Public sector,Channel,11.4
2021,Afghanistan,Pooled fund,Channel,270.7
2021,Afghanistan,RCRC,Channel,113
2021,Afghanistan,Not reported,Channel,10.9
2021,Afghanistan,Other,Channel,295
2021,DRC,NGOs,Channel,317.8
2021,DRC,Multilateral organisations,Channel,663.4
2021,DRC,Public sector,Channel,2.3
2021,DRC,Pooled fund,Channel,57.6
2021,DRC,RCRC,Channel,75.5
2021,DRC,Not reported,Channel,43.9
2021,DRC,Other,Channel,  -    
2021,Ethiopia,NGOs,Channel,579.3
2021,Ethiopia,Multilateral organisations,Channel,"1,006.00"
2021,Ethiopia,Public sector,Channel,7.3
2021,Ethiopia,Pooled fund,Channel,92.7
2021,Ethiopia,RCRC,Channel,52.9
2021,Ethiopia,Not reported,Channel,75.2
2021,Ethiopia,Other,Channel,6
2021,Lebanon,NGOs,Channel,141.1
2021,Lebanon,Multilateral organisations,Channel,857
2021,Lebanon,Public sector,Channel,29.9
2021,Lebanon,Pooled fund,Channel,27.2
2021,Lebanon,RCRC,Channel,36.8
2021,Lebanon,Not reported,Channel,26.7
2021,Lebanon,Other,Channel,26.3
2021,Somalia,NGOs,Channel,253.3
2021,Somalia,Multilateral organisations,Channel,626.8
2021,Somalia,Public sector,Channel,13.5
2021,Somalia,Pooled fund,Channel,48.4
2021,Somalia,RCRC,Channel,32.4
2021,Somalia,Not reported,Channel,69.9
2021,Somalia,Other,Channel,207.4
2021,South Sudan,NGOs,Channel,381.4
2021,South Sudan,Multilateral organisations,Channel,"1,032.30"
2021,South Sudan,Public sector,Channel,39.1
2021,South Sudan,Pooled fund,Channel,56.2
2021,South Sudan,RCRC,Channel,74.5
2021,South Sudan,Not reported,Channel,8.1
2021,South Sudan,Other,Channel,10.5
2021,Sudan,NGOs,Channel,188.4
2021,Sudan,Multilateral organisations,Channel,584.1
2021,Sudan,Public sector,Channel,16.4
2021,Sudan,Pooled fund,Channel,69
2021,Sudan,RCRC,Channel,23
2021,Sudan,Not reported,Channel,97.1
2021,Sudan,Other,Channel,10.4
2021,Syria,NGOs,Channel,"1,246.50"
2021,Syria,Multilateral organisations,Channel,"1,479.60"
2021,Syria,Public sector,Channel,10
2021,Syria,Pooled fund,Channel,207.2
2021,Syria,RCRC,Channel,109.7
2021,Syria,Not reported,Channel,15.2
2021,Syria,Other,Channel,59.6
2021,Ukraine,NGOs,Channel,61.4
2021,Ukraine,Multilateral organisations,Channel,64.7
2021,Ukraine,Public sector,Channel,10
2021,Ukraine,Pooled fund,Channel,11.9
2021,Ukraine,RCRC,Channel,51.1
2021,Ukraine,Not reported,Channel,0
2021,Ukraine,Other,Channel,  -    
2021,Yemen,NGOs,Channel,460.2
2021,Yemen,Multilateral organisations,Channel,"1,999.00"
2021,Yemen,Public sector,Channel,636
2021,Yemen,Pooled fund,Channel,556.4
2021,Yemen,RCRC,Channel,88.7
2021,Yemen,Not reported,Channel,26.2
2021,Yemen,Other,Channel,112.5
2022,Afghanistan,NGOs,Channel,353.9
2022,Afghanistan,Multilateral organisations,Channel,"3,181.40"
2022,Afghanistan,Public sector,Channel,3.4
2022,Afghanistan,Pooled fund,Channel,297.9
2022,Afghanistan,RCRC,Channel,150.7
2022,Afghanistan,Not reported,Channel,76.5
2022,Afghanistan,Other,Channel,37.2
2022,DRC,NGOs,Channel,397.7
2022,DRC,Multilateral organisations,Channel,540.9
2022,DRC,Public sector,Channel,9.2
2022,DRC,Pooled fund,Channel,49.9
2022,DRC,RCRC,Channel,61.4
2022,DRC,Not reported,Channel,44
2022,DRC,Other,Channel,4.4
2022,Ethiopia,NGOs,Channel,405.1
2022,Ethiopia,Multilateral organisations,Channel,"1,534.30"
2022,Ethiopia,Public sector,Channel,76
2022,Ethiopia,Pooled fund,Channel,97
2022,Ethiopia,RCRC,Channel,73.8
2022,Ethiopia,Not reported,Channel,42.7
2022,Ethiopia,Other,Channel,7.4
2022,Lebanon,NGOs,Channel,181.1
2022,Lebanon,Multilateral organisations,Channel,"1,055.00"
2022,Lebanon,Public sector,Channel,11.5
2022,Lebanon,Pooled fund,Channel,31.9
2022,Lebanon,RCRC,Channel,40.8
2022,Lebanon,Not reported,Channel,34.8
2022,Lebanon,Other,Channel,6.7
2022,Somalia,NGOs,Channel,355.5
2022,Somalia,Multilateral organisations,Channel,"1,686.70"
2022,Somalia,Public sector,Channel,24.8
2022,Somalia,Pooled fund,Channel,69.4
2022,Somalia,RCRC,Channel,76.6
2022,Somalia,Not reported,Channel,51.6
2022,Somalia,Other,Channel,3.6
2022,South Sudan,NGOs,Channel,287.6
2022,South Sudan,Multilateral organisations,Channel,992.3
2022,South Sudan,Public sector,Channel,5.1
2022,South Sudan,Pooled fund,Channel,55
2022,South Sudan,RCRC,Channel,75.2
2022,South Sudan,Not reported,Channel,53.3
2022,South Sudan,Other,Channel,4.8
2022,Sudan,NGOs,Channel,222.8
2022,Sudan,Multilateral organisations,Channel,844.6
2022,Sudan,Public sector,Channel,31.5
2022,Sudan,Pooled fund,Channel,47.9
2022,Sudan,RCRC,Channel,25.2
2022,Sudan,Not reported,Channel,11.6
2022,Sudan,Other,Channel,2.7
2022,Syria,NGOs,Channel,811.4
2022,Syria,Multilateral organisations,Channel,"1,295.70"
2022,Syria,Public sector,Channel,29.3
2022,Syria,Pooled fund,Channel,185
2022,Syria,RCRC,Channel,106.2
2022,Syria,Not reported,Channel,41.4
2022,Syria,Other,Channel,136.5
2022,Ukraine,NGOs,Channel,"1,190.30"
2022,Ukraine,Multilateral organisations,Channel,"2,546.00"
2022,Ukraine,Public sector,Channel,90.6
2022,Ukraine,Pooled fund,Channel,340.9
2022,Ukraine,RCRC,Channel,320.8
2022,Ukraine,Not reported,Channel,207.6
2022,Ukraine,Other,Channel,54.4
2022,Yemen,NGOs,Channel,446.5
2022,Yemen,Multilateral organisations,Channel,"1,753.80"
2022,Yemen,Public sector,Channel,260.2
2022,Yemen,Pooled fund,Channel,113.1
2022,Yemen,RCRC,Channel,97.4
2022,Yemen,Not reported,Channel,12.1
2022,Yemen,Other,Channel,60.7
2013,Afghanistan,US,Donor,112.7
2013,Afghanistan,Germany,Donor,21.3
2013,Afghanistan,EU institutions,Donor,44.8
2013,Afghanistan,UK,Donor,26.1
2013,Afghanistan,Japan,Donor,72.1
2013,Afghanistan,Other donors,Donor,210.8
2013,DRC,US,Donor,231.5
2013,DRC,Germany,Donor,16.4
2013,DRC,EU institutions,Donor,81.4
2013,DRC,UK,Donor,79.8
2013,DRC,Japan,Donor,37.9
2013,DRC,Other donors,Donor,176.7
2013,Ethiopia,US,Donor,249.8
2013,Ethiopia,Germany,Donor,16.3
2013,Ethiopia,EU institutions,Donor,48.5
2013,Ethiopia,UK,Donor,49.4
2013,Ethiopia,Japan,Donor,41.5
2013,Ethiopia,Other donors,Donor,127
2013,Lebanon,US,Donor,260.5
2013,Lebanon,Germany,Donor,81.4
2013,Lebanon,EU institutions,Donor,188
2013,Lebanon,UK,Donor,93.8
2013,Lebanon,Japan,Donor,24.9
2013,Lebanon,Other donors,Donor,409.7
2013,Somalia,US,Donor,214.1
2013,Somalia,Germany,Donor,10.9
2013,Somalia,EU institutions,Donor,87.8
2013,Somalia,UK,Donor,63.2
2013,Somalia,Japan,Donor,48.1
2013,Somalia,Other donors,Donor,243.6
2013,South Sudan,US,Donor,295.8
2013,South Sudan,Germany,Donor,24.4
2013,South Sudan,EU institutions,Donor,109.1
2013,South Sudan,UK,Donor,80.9
2013,South Sudan,Japan,Donor,53.7
2013,South Sudan,Other donors,Donor,308.4
2013,Sudan,US,Donor,298.4
2013,Sudan,Germany,Donor,7.5
2013,Sudan,EU institutions,Donor,49.5
2013,Sudan,UK,Donor,36.1
2013,Sudan,Japan,Donor,38.2
2013,Sudan,Other donors,Donor,225.7
2013,Syria,US,Donor,625.8
2013,Syria,Germany,Donor,63.6
2013,Syria,EU institutions,Donor,145.5
2013,Syria,UK,Donor,218.3
2013,Syria,Japan,Donor,24.2
2013,Syria,Other donors,Donor,467.7
2013,Ukraine,US,Donor, -   
2013,Ukraine,Germany,Donor, -   
2013,Ukraine,EU institutions,Donor, -   
2013,Ukraine,UK,Donor, -   
2013,Ukraine,Japan,Donor, -   
2013,Ukraine,Other donors,Donor,0.2
2013,Yemen,US,Donor,177.7
2013,Yemen,Germany,Donor,7.3
2013,Yemen,EU institutions,Donor,47.1
2013,Yemen,UK,Donor,39.9
2013,Yemen,Japan,Donor,46.6
2013,Yemen,Other donors,Donor,148.9
2014,Afghanistan,US,Donor,195.2
2014,Afghanistan,Germany,Donor,11.9
2014,Afghanistan,EU institutions,Donor,41.8
2014,Afghanistan,UK,Donor,24.1
2014,Afghanistan,Japan,Donor,47.5
2014,Afghanistan,Other donors,Donor,201.9
2014,DRC,US,Donor,175.2
2014,DRC,Germany,Donor,25.6
2014,DRC,EU institutions,Donor,28.2
2014,DRC,UK,Donor,62.6
2014,DRC,Japan,Donor,9.6
2014,DRC,Other donors,Donor,228.6
2014,Ethiopia,US,Donor,282.2
2014,Ethiopia,Germany,Donor,4.5
2014,Ethiopia,EU institutions,Donor,68.2
2014,Ethiopia,UK,Donor,53
2014,Ethiopia,Japan,Donor,10.2
2014,Ethiopia,Other donors,Donor,158.9
2014,Lebanon,US,Donor,416.2
2014,Lebanon,Germany,Donor,58.4
2014,Lebanon,EU institutions,Donor,150.2
2014,Lebanon,UK,Donor,97.8
2014,Lebanon,Japan,Donor,22.9
2014,Lebanon,Other donors,Donor,388.8
2014,Somalia,US,Donor,283.6
2014,Somalia,Germany,Donor,50.1
2014,Somalia,EU institutions,Donor,85.1
2014,Somalia,UK,Donor,63.2
2014,Somalia,Japan,Donor,22.5
2014,Somalia,Other donors,Donor,186.1
2014,South Sudan,US,Donor,977.9
2014,South Sudan,Germany,Donor,62.4
2014,South Sudan,EU institutions,Donor,186
2014,South Sudan,UK,Donor,219.6
2014,South Sudan,Japan,Donor,34.9
2014,South Sudan,Other donors,Donor,617.5
2014,Sudan,US,Donor,329
2014,Sudan,Germany,Donor,7.4
2014,Sudan,EU institutions,Donor,43.2
2014,Sudan,UK,Donor,62.2
2014,Sudan,Japan,Donor,19.1
2014,Sudan,Other donors,Donor,174.2
2014,Syria,US,Donor,930.2
2014,Syria,Germany,Donor,136.9
2014,Syria,EU institutions,Donor,195.3
2014,Syria,UK,Donor,150.5
2014,Syria,Japan,Donor,30.2
2014,Syria,Other donors,Donor,865.3
2014,Ukraine,US,Donor,15.9
2014,Ukraine,Germany,Donor,10.3
2014,Ukraine,EU institutions,Donor,13.7
2014,Ukraine,UK,Donor,1.8
2014,Ukraine,Japan,Donor,0.6
2014,Ukraine,Other donors,Donor,35.2
2014,Yemen,US,Donor,115.9
2014,Yemen,Germany,Donor,37.4
2014,Yemen,EU institutions,Donor,45.9
2014,Yemen,UK,Donor,65.3
2014,Yemen,Japan,Donor,34.6
2014,Yemen,Other donors,Donor,128.6
2015,Afghanistan,US,Donor,190.2
2015,Afghanistan,Germany,Donor,21.7
2015,Afghanistan,EU institutions,Donor,36.1
2015,Afghanistan,UK,Donor,45.4
2015,Afghanistan,Japan,Donor,32.5
2015,Afghanistan,Other donors,Donor,136.4
2015,DRC,US,Donor,224.9
2015,DRC,Germany,Donor,15.6
2015,DRC,EU institutions,Donor,75.5
2015,DRC,UK,Donor,50.1
2015,DRC,Japan,Donor,22.3
2015,DRC,Other donors,Donor,128.8
2015,Ethiopia,US,Donor,205.8
2015,Ethiopia,Germany,Donor,3.6
2015,Ethiopia,EU institutions,Donor,45.3
2015,Ethiopia,UK,Donor,79
2015,Ethiopia,Japan,Donor,16.2
2015,Ethiopia,Other donors,Donor,169.2
2015,Lebanon,US,Donor,398.9
2015,Lebanon,Germany,Donor,161.7
2015,Lebanon,EU institutions,Donor,171.6
2015,Lebanon,UK,Donor,149.9
2015,Lebanon,Japan,Donor,14.2
2015,Lebanon,Other donors,Donor,598.9
2015,Somalia,US,Donor,249.6
2015,Somalia,Germany,Donor,25.7
2015,Somalia,EU institutions,Donor,50.6
2015,Somalia,UK,Donor,63.1
2015,Somalia,Japan,Donor,29
2015,Somalia,Other donors,Donor,204.7
2015,South Sudan,US,Donor,434.3
2015,South Sudan,Germany,Donor,52.8
2015,South Sudan,EU institutions,Donor,169.1
2015,South Sudan,UK,Donor,219.6
2015,South Sudan,Japan,Donor,77.8
2015,South Sudan,Other donors,Donor,530.1
2015,Sudan,US,Donor,377.1
2015,Sudan,Germany,Donor,14.9
2015,Sudan,EU institutions,Donor,55.7
2015,Sudan,UK,Donor,40.7
2015,Sudan,Japan,Donor,22.6
2015,Sudan,Other donors,Donor,184.9
2015,Syria,US,Donor,869.3
2015,Syria,Germany,Donor,132
2015,Syria,EU institutions,Donor,223
2015,Syria,UK,Donor,382.4
2015,Syria,Japan,Donor,28.7
2015,Syria,Other donors,Donor,917.7
2015,Ukraine,US,Donor,81.3
2015,Ukraine,Germany,Donor,54.1
2015,Ukraine,EU institutions,Donor,47.1
2015,Ukraine,UK,Donor,19.9
2015,Ukraine,Japan,Donor,5.7
2015,Ukraine,Other donors,Donor,94.9
2015,Yemen,US,Donor,249
2015,Yemen,Germany,Donor,82.9
2015,Yemen,EU institutions,Donor,50.2
2015,Yemen,UK,Donor,138
2015,Yemen,Japan,Donor,43.2
2015,Yemen,Other donors,Donor,"1,394.00"
2016,Afghanistan,US,Donor,167.3
2016,Afghanistan,Germany,Donor,48.3
2016,Afghanistan,EU institutions,Donor,49.9
2016,Afghanistan,UK,Donor,67.6
2016,Afghanistan,Japan,Donor,47.1
2016,Afghanistan,Other donors,Donor,210
2016,DRC,US,Donor,191.1
2016,DRC,Germany,Donor,43.1
2016,DRC,EU institutions,Donor,68.4
2016,DRC,UK,Donor,45.4
2016,DRC,Japan,Donor,15.2
2016,DRC,Other donors,Donor,172.5
2016,Ethiopia,US,Donor,692.2
2016,Ethiopia,Germany,Donor,114.3
2016,Ethiopia,EU institutions,Donor,212
2016,Ethiopia,UK,Donor,115.9
2016,Ethiopia,Japan,Donor,25.7
2016,Ethiopia,Other donors,Donor,312.5
2016,Lebanon,US,Donor,299.8
2016,Lebanon,Germany,Donor,286.5
2016,Lebanon,EU institutions,Donor,206.4
2016,Lebanon,UK,Donor,107.6
2016,Lebanon,Japan,Donor,26.4
2016,Lebanon,Other donors,Donor,628
2016,Somalia,US,Donor,200.5
2016,Somalia,Germany,Donor,85.6
2016,Somalia,EU institutions,Donor,81.5
2016,Somalia,UK,Donor,139.9
2016,Somalia,Japan,Donor,20.4
2016,Somalia,Other donors,Donor,249.2
2016,South Sudan,US,Donor,615.4
2016,South Sudan,Germany,Donor,107.1
2016,South Sudan,EU institutions,Donor,186.9
2016,South Sudan,UK,Donor,200.1
2016,South Sudan,Japan,Donor,28.6
2016,South Sudan,Other donors,Donor,380.2
2016,Sudan,US,Donor,348.3
2016,Sudan,Germany,Donor,35.8
2016,Sudan,EU institutions,Donor,75.4
2016,Sudan,UK,Donor,96.2
2016,Sudan,Japan,Donor,10.4
2016,Sudan,Other donors,Donor,160.5
2016,Syria,US,Donor,835.4
2016,Syria,Germany,Donor,492.7
2016,Syria,EU institutions,Donor,288.2
2016,Syria,UK,Donor,377.4
2016,Syria,Japan,Donor,67.1
2016,Syria,Other donors,Donor,844.7
2016,Ukraine,US,Donor,61.9
2016,Ukraine,Germany,Donor,70.3
2016,Ukraine,EU institutions,Donor,36.1
2016,Ukraine,UK,Donor,13.7
2016,Ukraine,Japan,Donor,7.1
2016,Ukraine,Other donors,Donor,55.6
2016,Yemen,US,Donor,383.8
2016,Yemen,Germany,Donor,66.6
2016,Yemen,EU institutions,Donor,80.7
2016,Yemen,UK,Donor,211
2016,Yemen,Japan,Donor,51.3
2016,Yemen,Other donors,Donor,"1,212.50"
2017,Afghanistan,US,Donor,124.5
2017,Afghanistan,Germany,Donor,26
2017,Afghanistan,EU institutions,Donor,50.1
2017,Afghanistan,UK,Donor,60.6
2017,Afghanistan,Japan,Donor,20.1
2017,Afghanistan,Other donors,Donor,157.8
2017,DRC,US,Donor,225.3
2017,DRC,Germany,Donor,37.2
2017,DRC,EU institutions,Donor,78.2
2017,DRC,UK,Donor,75.5
2017,DRC,Japan,Donor,9.6
2017,DRC,Other donors,Donor,203.3
2017,Ethiopia,US,Donor,511.6
2017,Ethiopia,Germany,Donor,75.3
2017,Ethiopia,EU institutions,Donor,126.9
2017,Ethiopia,UK,Donor,84.6
2017,Ethiopia,Japan,Donor,11.9
2017,Ethiopia,Other donors,Donor,251.6
2017,Lebanon,US,Donor,317.8
2017,Lebanon,Germany,Donor,277.9
2017,Lebanon,EU institutions,Donor,152.6
2017,Lebanon,UK,Donor,142.4
2017,Lebanon,Japan,Donor,21.9
2017,Lebanon,Other donors,Donor,343.2
2017,Somalia,US,Donor,403.7
2017,Somalia,Germany,Donor,162.1
2017,Somalia,EU institutions,Donor,208.2
2017,Somalia,UK,Donor,279.9
2017,Somalia,Japan,Donor,30.8
2017,Somalia,Other donors,Donor,425.3
2017,South Sudan,US,Donor,580
2017,South Sudan,Germany,Donor,146.5
2017,South Sudan,EU institutions,Donor,136.4
2017,South Sudan,UK,Donor,149.5
2017,South Sudan,Japan,Donor,28.9
2017,South Sudan,Other donors,Donor,580.8
2017,Sudan,US,Donor,283.2
2017,Sudan,Germany,Donor,47
2017,Sudan,EU institutions,Donor,80.8
2017,Sudan,UK,Donor,83.4
2017,Sudan,Japan,Donor,5.6
2017,Sudan,Other donors,Donor,115.7
2017,Syria,US,Donor,570.1
2017,Syria,Germany,Donor,648.4
2017,Syria,EU institutions,Donor,212.9
2017,Syria,UK,Donor,262.3
2017,Syria,Japan,Donor,105.1
2017,Syria,Other donors,Donor,909.9
2017,Ukraine,US,Donor,29.9
2017,Ukraine,Germany,Donor,62.6
2017,Ukraine,EU institutions,Donor,27.8
2017,Ukraine,UK,Donor,1.3
2017,Ukraine,Japan,Donor,2.4
2017,Ukraine,Other donors,Donor,50.5
2017,Yemen,US,Donor,732.1
2017,Yemen,Germany,Donor,235.6
2017,Yemen,EU institutions,Donor,147.9
2017,Yemen,UK,Donor,303.9
2017,Yemen,Japan,Donor,65.5
2017,Yemen,Other donors,Donor,"1,160.30"
2018,Afghanistan,US,Donor,204.5
2018,Afghanistan,Germany,Donor,18.3
2018,Afghanistan,EU institutions,Donor,55.2
2018,Afghanistan,UK,Donor,93.6
2018,Afghanistan,Japan,Donor,25.5
2018,Afghanistan,Other donors,Donor,169.9
2018,DRC,US,Donor,413
2018,DRC,Germany,Donor,75
2018,DRC,EU institutions,Donor,78.3
2018,DRC,UK,Donor,183.7
2018,DRC,Japan,Donor,12.7
2018,DRC,Other donors,Donor,336.4
2018,Ethiopia,US,Donor,605.2
2018,Ethiopia,Germany,Donor,34.1
2018,Ethiopia,EU institutions,Donor,80.1
2018,Ethiopia,UK,Donor,54.6
2018,Ethiopia,Japan,Donor,7
2018,Ethiopia,Other donors,Donor,150.3
2018,Lebanon,US,Donor,249.9
2018,Lebanon,Germany,Donor,350.9
2018,Lebanon,EU institutions,Donor,123.1
2018,Lebanon,UK,Donor,102.7
2018,Lebanon,Japan,Donor,29.1
2018,Lebanon,Other donors,Donor,335.3
2018,Somalia,US,Donor,469.3
2018,Somalia,Germany,Donor,142.9
2018,Somalia,EU institutions,Donor,162.9
2018,Somalia,UK,Donor,239.7
2018,Somalia,Japan,Donor,14.2
2018,Somalia,Other donors,Donor,281.9
2018,South Sudan,US,Donor,724.2
2018,South Sudan,Germany,Donor,144.4
2018,South Sudan,EU institutions,Donor,72.8
2018,South Sudan,UK,Donor,180.8
2018,South Sudan,Japan,Donor,17.2
2018,South Sudan,Other donors,Donor,314.3
2018,Sudan,US,Donor,455.5
2018,Sudan,Germany,Donor,25.5
2018,Sudan,EU institutions,Donor,57.7
2018,Sudan,UK,Donor,72.6
2018,Sudan,Japan,Donor,5.6
2018,Sudan,Other donors,Donor,170
2018,Syria,US,Donor,799.4
2018,Syria,Germany,Donor,378.2
2018,Syria,EU institutions,Donor,270.1
2018,Syria,UK,Donor,313
2018,Syria,Japan,Donor,78
2018,Syria,Other donors,Donor,828.8
2018,Ukraine,US,Donor,39.6
2018,Ukraine,Germany,Donor,40.5
2018,Ukraine,EU institutions,Donor,31.6
2018,Ukraine,UK,Donor,5
2018,Ukraine,Japan,Donor,2
2018,Ukraine,Other donors,Donor,43.1
2018,Yemen,US,Donor,443.1
2018,Yemen,Germany,Donor,168.9
2018,Yemen,EU institutions,Donor,142.4
2018,Yemen,UK,Donor,348.5
2018,Yemen,Japan,Donor,58.6
2018,Yemen,Other donors,Donor,"4,089.90"
2019,Afghanistan,US,Donor,223.6
2019,Afghanistan,Germany,Donor,24.6
2019,Afghanistan,EU institutions,Donor,74.9
2019,Afghanistan,UK,Donor,123.4
2019,Afghanistan,Japan,Donor,13.7
2019,Afghanistan,Other donors,Donor,167.7
2019,DRC,US,Donor,622.5
2019,DRC,Germany,Donor,125.3
2019,DRC,EU institutions,Donor,74.9
2019,DRC,UK,Donor,169.7
2019,DRC,Japan,Donor,9.4
2019,DRC,Other donors,Donor,255.9
2019,Ethiopia,US,Donor,545.5
2019,Ethiopia,Germany,Donor,47.3
2019,Ethiopia,EU institutions,Donor,65.5
2019,Ethiopia,UK,Donor,86.8
2019,Ethiopia,Japan,Donor,8.6
2019,Ethiopia,Other donors,Donor,149
2019,Lebanon,US,Donor,302.5
2019,Lebanon,Germany,Donor,443.5
2019,Lebanon,EU institutions,Donor,143.6
2019,Lebanon,UK,Donor,80.2
2019,Lebanon,Japan,Donor,15.9
2019,Lebanon,Other donors,Donor,336.5
2019,Somalia,US,Donor,479.2
2019,Somalia,Germany,Donor,155.6
2019,Somalia,EU institutions,Donor,99.9
2019,Somalia,UK,Donor,96
2019,Somalia,Japan,Donor,13
2019,Somalia,Other donors,Donor,259.4
2019,South Sudan,US,Donor,757.9
2019,South Sudan,Germany,Donor,146.7
2019,South Sudan,EU institutions,Donor,60.2
2019,South Sudan,UK,Donor,175.1
2019,South Sudan,Japan,Donor,15.9
2019,South Sudan,Other donors,Donor,267.9
2019,Sudan,US,Donor,378.3
2019,Sudan,Germany,Donor,40
2019,Sudan,EU institutions,Donor,52.3
2019,Sudan,UK,Donor,56.3
2019,Sudan,Japan,Donor,4.5
2019,Sudan,Other donors,Donor,181.4
2019,Syria,US,Donor,864.3
2019,Syria,Germany,Donor,420.9
2019,Syria,EU institutions,Donor,255.3
2019,Syria,UK,Donor,284.6
2019,Syria,Japan,Donor,57.3
2019,Syria,Other donors,Donor,867.4
2019,Ukraine,US,Donor,46.7
2019,Ukraine,Germany,Donor,49.6
2019,Ukraine,EU institutions,Donor,32.5
2019,Ukraine,UK,Donor,4.6
2019,Ukraine,Japan,Donor,1.2
2019,Ukraine,Other donors,Donor,40.4
2019,Yemen,US,Donor,963
2019,Yemen,Germany,Donor,203.3
2019,Yemen,EU institutions,Donor,178.3
2019,Yemen,UK,Donor,294.1
2019,Yemen,Japan,Donor,43.9
2019,Yemen,Other donors,Donor,"2,490.70"
2020,Afghanistan,US,Donor,254.4
2020,Afghanistan,Germany,Donor,33.7
2020,Afghanistan,EU institutions,Donor,97.7
2020,Afghanistan,UK,Donor,128.5
2020,Afghanistan,Japan,Donor,21.4
2020,Afghanistan,Other donors,Donor,244.7
2020,DRC,US,Donor,593.2
2020,DRC,Germany,Donor,134.2
2020,DRC,EU institutions,Donor,58
2020,DRC,UK,Donor,93.7
2020,DRC,Japan,Donor,8.2
2020,DRC,Other donors,Donor,344.5
2020,Ethiopia,US,Donor,573.8
2020,Ethiopia,Germany,Donor,99.2
2020,Ethiopia,EU institutions,Donor,91.2
2020,Ethiopia,UK,Donor,120.4
2020,Ethiopia,Japan,Donor,39.3
2020,Ethiopia,Other donors,Donor,169.1
2020,Lebanon,US,Donor,409.5
2020,Lebanon,Germany,Donor,489.4
2020,Lebanon,EU institutions,Donor,374.2
2020,Lebanon,UK,Donor,58.3
2020,Lebanon,Japan,Donor,22.7
2020,Lebanon,Other donors,Donor,525.1
2020,Somalia,US,Donor,520.7
2020,Somalia,Germany,Donor,174.1
2020,Somalia,EU institutions,Donor,114.5
2020,Somalia,UK,Donor,83.6
2020,Somalia,Japan,Donor,17.8
2020,Somalia,Other donors,Donor,264.2
2020,South Sudan,US,Donor,808.1
2020,South Sudan,Germany,Donor,210.4
2020,South Sudan,EU institutions,Donor,105.4
2020,South Sudan,UK,Donor,107.5
2020,South Sudan,Japan,Donor,11.4
2020,South Sudan,Other donors,Donor,340.4
2020,Sudan,US,Donor,455.6
2020,Sudan,Germany,Donor,86.1
2020,Sudan,EU institutions,Donor,108.1
2020,Sudan,UK,Donor,104
2020,Sudan,Japan,Donor,10
2020,Sudan,Other donors,Donor,309.9
2020,Syria,US,Donor,869.5
2020,Syria,Germany,Donor,531.6
2020,Syria,EU institutions,Donor,314.5
2020,Syria,UK,Donor,282.6
2020,Syria,Japan,Donor,99.5
2020,Syria,Other donors,Donor,989.7
2020,Ukraine,US,Donor,66.3
2020,Ukraine,Germany,Donor,72
2020,Ukraine,EU institutions,Donor,41.6
2020,Ukraine,UK,Donor,11
2020,Ukraine,Japan,Donor,1.8
2020,Ukraine,Other donors,Donor,49.7
2020,Yemen,US,Donor,717.8
2020,Yemen,Germany,Donor,249.6
2020,Yemen,EU institutions,Donor,150.8
2020,Yemen,UK,Donor,224.8
2020,Yemen,Japan,Donor,40.2
2020,Yemen,Other donors,Donor,"1,017.40"
2021,Afghanistan,US,Donor,315
2021,Afghanistan,Germany,Donor,402.9
2021,Afghanistan,EU institutions,Donor,298.9
2021,Afghanistan,UK,Donor,164.5
2021,Afghanistan,Japan,Donor,74.1
2021,Afghanistan,Other donors,Donor,838.5
2021,DRC,US,Donor,566.2
2021,DRC,Germany,Donor,125.2
2021,DRC,EU institutions,Donor,84.8
2021,DRC,UK,Donor,75.2
2021,DRC,Japan,Donor,17.6
2021,DRC,Other donors,Donor,270.6
2021,Ethiopia,US,Donor,"1,054.40"
2021,Ethiopia,Germany,Donor,95.4
2021,Ethiopia,EU institutions,Donor,128.7
2021,Ethiopia,UK,Donor,51.3
2021,Ethiopia,Japan,Donor,13.5
2021,Ethiopia,Other donors,Donor,375.7
2021,Lebanon,US,Donor,305.6
2021,Lebanon,Germany,Donor,294.3
2021,Lebanon,EU institutions,Donor,79.2
2021,Lebanon,UK,Donor,29.9
2021,Lebanon,Japan,Donor,13.8
2021,Lebanon,Other donors,Donor,383.4
2021,Somalia,US,Donor,595.3
2021,Somalia,Germany,Donor,145.1
2021,Somalia,EU institutions,Donor,150.1
2021,Somalia,UK,Donor,59.5
2021,Somalia,Japan,Donor,13.1
2021,Somalia,Other donors,Donor,200.7
2021,South Sudan,US,Donor,874.8
2021,South Sudan,Germany,Donor,158.5
2021,South Sudan,EU institutions,Donor,97
2021,South Sudan,UK,Donor,71
2021,South Sudan,Japan,Donor,23.5
2021,South Sudan,Other donors,Donor,279.3
2021,Sudan,US,Donor,565.1
2021,Sudan,Germany,Donor,100.2
2021,Sudan,EU institutions,Donor,76.1
2021,Sudan,UK,Donor,29.8
2021,Sudan,Japan,Donor,11.3
2021,Sudan,Other donors,Donor,182.7
2021,Syria,US,Donor,966
2021,Syria,Germany,Donor,640.8
2021,Syria,EU institutions,Donor,170.5
2021,Syria,UK,Donor,98.9
2021,Syria,Japan,Donor,43.4
2021,Syria,Other donors,Donor,702.3
2021,Ukraine,US,Donor,60.6
2021,Ukraine,Germany,Donor,40.6
2021,Ukraine,EU institutions,Donor,34.3
2021,Ukraine,UK,Donor,11.6
2021,Ukraine,Japan,Donor,2.8
2021,Ukraine,Other donors,Donor,33.9
2021,Yemen,US,Donor,692.2
2021,Yemen,Germany,Donor,313.7
2021,Yemen,EU institutions,Donor,170
2021,Yemen,UK,Donor,134.1
2021,Yemen,Japan,Donor,65.1
2021,Yemen,Other donors,Donor,"1,908.50"
2022,Afghanistan,US,Donor,"1,141.80"
2022,Afghanistan,Germany,Donor,486.5
2022,Afghanistan,EU institutions,Donor,300.3
2022,Afghanistan,UK,Donor,552.8
2022,Afghanistan,Japan,Donor,151.2
2022,Afghanistan,Other donors,Donor,"1,252.20"
2022,DRC,US,Donor,544.6
2022,DRC,Germany,Donor,102.5
2022,DRC,EU institutions,Donor,100.1
2022,DRC,UK,Donor,29.7
2022,DRC,Japan,Donor,14.6
2022,DRC,Other donors,Donor,282.2
2022,Ethiopia,US,Donor,"1,198.50"
2022,Ethiopia,Germany,Donor,243.4
2022,Ethiopia,EU institutions,Donor,149.4
2022,Ethiopia,UK,Donor,26.9
2022,Ethiopia,Japan,Donor,32.6
2022,Ethiopia,Other donors,Donor,516.4
2022,Lebanon,US,Donor,539.4
2022,Lebanon,Germany,Donor,293.5
2022,Lebanon,EU institutions,Donor,207.8
2022,Lebanon,UK,Donor,10.6
2022,Lebanon,Japan,Donor,16.2
2022,Lebanon,Other donors,Donor,279.5
2022,Somalia,US,Donor,"1,111.20"
2022,Somalia,Germany,Donor,153.6
2022,Somalia,EU institutions,Donor,152.2
2022,Somalia,UK,Donor,82.5
2022,Somalia,Japan,Donor,32.3
2022,Somalia,Other donors,Donor,358.1
2022,South Sudan,US,Donor,757.7
2022,South Sudan,Germany,Donor,136.9
2022,South Sudan,EU institutions,Donor,196
2022,South Sudan,UK,Donor,68.8
2022,South Sudan,Japan,Donor,17.5
2022,South Sudan,Other donors,Donor,268.9
2022,Sudan,US,Donor,554.4
2022,Sudan,Germany,Donor,112.8
2022,Sudan,EU institutions,Donor,119
2022,Sudan,UK,Donor,13.1
2022,Sudan,Japan,Donor,6.6
2022,Sudan,Other donors,Donor,363.3
2022,Syria,US,Donor,976.7
2022,Syria,Germany,Donor,668.8
2022,Syria,EU institutions,Donor,198.4
2022,Syria,UK,Donor,23.3
2022,Syria,Japan,Donor,57.4
2022,Syria,Other donors,Donor,562
2022,Ukraine,US,Donor,"1,217.80"
2022,Ukraine,Germany,Donor,466.2
2022,Ukraine,EU institutions,Donor,527.4
2022,Ukraine,UK,Donor,156.6
2022,Ukraine,Japan,Donor,178.3
2022,Ukraine,Other donors,Donor,"1,843.70"
2022,Yemen,US,Donor,942.2
2022,Yemen,Germany,Donor,341.9
2022,Yemen,EU institutions,Donor,232.9
2022,Yemen,UK,Donor,77.5
2022,Yemen,Japan,Donor,36.2
2022,Yemen,Other donors,Donor,"1,041.00"
