Year,IHA type,Value type,Donor,Donor ID,Value
2011,Bilateral,Absolute,All donors,All donors,10147.42096
2011,Multilateral through EU,Absolute,All donors,All donors,1654.469087
2011,Multilateral through UN and others,Absolute,All donors,All donors,1805.933355
2011,Bilateral,Proportional,All donors,All donors,0.745704927
2011,Multilateral through EU,Proportional,All donors,All donors,0.121582199
2011,Multilateral through UN and others,Proportional,All donors,All donors,0.132712874
2012,Bilateral,Absolute,All donors,All donors,9074.395251
2012,Multilateral through EU,Absolute,All donors,All donors,1661.20521
2012,Multilateral through UN and others,Absolute,All donors,All donors,1492.087422
2012,Bilateral,Proportional,All donors,All donors,0.742118652
2012,Multilateral through EU,Proportional,All donors,All donors,0.135856036
2012,Multilateral through UN and others,Proportional,All donors,All donors,0.122025311
2013,Bilateral,Absolute,All donors,All donors,11208.36404
2013,Multilateral through EU,Absolute,All donors,All donors,1786.205182
2013,Multilateral through UN and others,Absolute,All donors,All donors,1531.816756
2013,Bilateral,Proportional,All donors,All donors,0.77158655
2013,Multilateral through EU,Proportional,All donors,All donors,0.122962806
2013,Multilateral through UN and others,Proportional,All donors,All donors,0.105450644
2014,Bilateral,Absolute,All donors,All donors,14371.36712
2014,Multilateral through EU,Absolute,All donors,All donors,2049.175293
2014,Multilateral through UN and others,Absolute,All donors,All donors,1674.43092
2014,Bilateral,Proportional,All donors,All donors,0.794218751
2014,Multilateral through EU,Proportional,All donors,All donors,0.113245555
2014,Multilateral through UN and others,Proportional,All donors,All donors,0.092535694
2015,Bilateral,Absolute,All donors,All donors,16237.76099
2015,Multilateral through EU,Absolute,All donors,All donors,1818.955857
2015,Multilateral through UN and others,Absolute,All donors,All donors,1926.485901
2015,Bilateral,Proportional,All donors,All donors,0.812570497
2015,Multilateral through EU,Proportional,All donors,All donors,0.091024241
2015,Multilateral through UN and others,Proportional,All donors,All donors,0.096405262
2016,Bilateral,Absolute,All donors,All donors,17002.91576
2016,Multilateral through EU,Absolute,All donors,All donors,2491.616825
2016,Multilateral through UN and others,Absolute,All donors,All donors,2334.543429
2016,Bilateral,Proportional,All donors,All donors,0.778911382
2016,Multilateral through EU,Proportional,All donors,All donors,0.114142111
2016,Multilateral through UN and others,Proportional,All donors,All donors,0.106946507
2017,Bilateral,Absolute,All donors,All donors,17993.61433
2017,Multilateral through EU,Absolute,All donors,All donors,2231.266414
2017,Multilateral through UN and others,Absolute,All donors,All donors,2625.35657
2017,Bilateral,Proportional,All donors,All donors,0.787458532
2017,Multilateral through EU,Proportional,All donors,All donors,0.097647407
2017,Multilateral through UN and others,Proportional,All donors,All donors,0.114894061
2018,Bilateral,Absolute,All donors,All donors,20187.63357
2018,Multilateral through EU,Absolute,All donors,All donors,2001.883406
2018,Multilateral through UN and others,Absolute,All donors,All donors,2904.57536
2018,Bilateral,Proportional,All donors,All donors,0.804477536
2018,Multilateral through EU,Proportional,All donors,All donors,0.079775087
2018,Multilateral through UN and others,Proportional,All donors,All donors,0.115747377
2019,Bilateral,Absolute,All donors,All donors,19025.20599
2019,Multilateral through EU,Absolute,All donors,All donors,2191.518964
2019,Multilateral through UN and others,Absolute,All donors,All donors,2848.722532
2019,Bilateral,Proportional,All donors,All donors,0.790561073
2019,Multilateral through EU,Proportional,All donors,All donors,0.091064958
2019,Multilateral through UN and others,Proportional,All donors,All donors,0.118373969
2020,Bilateral,Absolute,All donors,All donors,19070.10949
2020,Multilateral through EU,Absolute,All donors,All donors,2587.502574
2020,Multilateral through UN and others,Absolute,All donors,All donors,2490.878555
2020,Bilateral,Proportional,All donors,All donors,0.789701923
2020,Multilateral through EU,Proportional,All donors,All donors,0.107149661
2020,Multilateral through UN and others,Proportional,All donors,All donors,0.103148416
2011,Bilateral,Absolute,US,US,5010.378235
2011,Multilateral through EU,Absolute,US,US,0
2011,Multilateral through UN and others,Absolute,US,US,78.8779371
2011,Bilateral,Proportional,US,US,0.984501087
2011,Multilateral through EU,Proportional,US,US,0
2011,Multilateral through UN and others,Proportional,US,US,0.015498913
2012,Bilateral,Absolute,US,US,4407.066323
2012,Multilateral through EU,Absolute,US,US,0
2012,Multilateral through UN and others,Absolute,US,US,50.6510676
2012,Bilateral,Proportional,US,US,0.988637443
2012,Multilateral through EU,Proportional,US,US,0
2012,Multilateral through UN and others,Proportional,US,US,0.011362557
2013,Bilateral,Absolute,US,US,5211.978757
2013,Multilateral through EU,Absolute,US,US,0
2013,Multilateral through UN and others,Absolute,US,US,50.29257902
2013,Bilateral,Proportional,US,US,0.9904428
2013,Multilateral through EU,Proportional,US,US,0
2013,Multilateral through UN and others,Proportional,US,US,0.0095572
2014,Bilateral,Absolute,US,US,6483.938269
2014,Multilateral through EU,Absolute,US,US,0
2014,Multilateral through UN and others,Absolute,US,US,70.02221435
2014,Bilateral,Proportional,US,US,0.989316046
2014,Multilateral through EU,Proportional,US,US,0
2014,Multilateral through UN and others,Proportional,US,US,0.010683954
2015,Bilateral,Absolute,US,US,6600.052719
2015,Multilateral through EU,Absolute,US,US,0
2015,Multilateral through UN and others,Absolute,US,US,90.57261753
2015,Bilateral,Proportional,US,US,0.986462758
2015,Multilateral through EU,Proportional,US,US,0
2015,Multilateral through UN and others,Proportional,US,US,0.013537242
2016,Bilateral,Absolute,US,US,6690.689701
2016,Multilateral through EU,Absolute,US,US,0
2016,Multilateral through UN and others,Absolute,US,US,79.39579143
2016,Bilateral,Proportional,US,US,0.988272557
2016,Multilateral through EU,Proportional,US,US,0
2016,Multilateral through UN and others,Proportional,US,US,0.011727443
2017,Bilateral,Absolute,US,US,7271.918706
2017,Multilateral through EU,Absolute,US,US,0
2017,Multilateral through UN and others,Absolute,US,US,95.76472986
2017,Bilateral,Proportional,US,US,0.987002057
2017,Multilateral through EU,Proportional,US,US,0
2017,Multilateral through UN and others,Proportional,US,US,0.012997943
2018,Bilateral,Absolute,US,US,7216.689889
2018,Multilateral through EU,Absolute,US,US,0
2018,Multilateral through UN and others,Absolute,US,US,103.389179
2018,Bilateral,Proportional,US,US,0.985875948
2018,Multilateral through EU,Proportional,US,US,0
2018,Multilateral through UN and others,Proportional,US,US,0.014124052
2019,Bilateral,Absolute,US,US,8199.312663
2019,Multilateral through EU,Absolute,US,US,0
2019,Multilateral through UN and others,Absolute,US,US,126.7655246
2019,Bilateral,Proportional,US,US,0.984774882
2019,Multilateral through EU,Proportional,US,US,0
2019,Multilateral through UN and others,Proportional,US,US,0.015225118
2020,Bilateral,Absolute,US,US,8750.825653
2020,Multilateral through EU,Absolute,US,US,0
2020,Multilateral through UN and others,Absolute,US,US,152.4465888
2020,Bilateral,Proportional,US,US,0.982877465
2020,Multilateral through EU,Proportional,US,US,0
2020,Multilateral through UN and others,Proportional,US,US,0.017122535
2011,Bilateral,Absolute,Germany,DE,393.8356415
2011,Multilateral through EU,Absolute,Germany,DE,332.4323962
2011,Multilateral through UN and others,Absolute,Germany,DE,121.4522853
2011,Bilateral,Proportional,Germany,DE,0.464582045
2011,Multilateral through EU,Proportional,Germany,DE,0.392148669
2011,Multilateral through UN and others,Proportional,Germany,DE,0.143269286
2012,Bilateral,Absolute,Germany,DE,388.6425029
2012,Multilateral through EU,Absolute,Germany,DE,345.7248833
2012,Multilateral through UN and others,Absolute,Germany,DE,79.90781674
2012,Bilateral,Proportional,Germany,DE,0.477286428
2012,Multilateral through EU,Proportional,Germany,DE,0.424579899
2012,Multilateral through UN and others,Proportional,Germany,DE,0.098133673
2013,Bilateral,Absolute,Germany,DE,542.8896814
2013,Multilateral through EU,Absolute,Germany,DE,370.206882
2013,Multilateral through UN and others,Absolute,Germany,DE,81.88677438
2013,Bilateral,Proportional,Germany,DE,0.545626907
2013,Multilateral through EU,Proportional,Germany,DE,0.372073449
2013,Multilateral through UN and others,Proportional,Germany,DE,0.082299644
2014,Bilateral,Absolute,Germany,DE,801.847752
2014,Multilateral through EU,Absolute,Germany,DE,445.9723461
2014,Multilateral through UN and others,Absolute,Germany,DE,95.30101043
2014,Bilateral,Proportional,Germany,DE,0.597003313
2014,Multilateral through EU,Proportional,Germany,DE,0.332041797
2014,Multilateral through UN and others,Proportional,Germany,DE,0.07095489
2015,Bilateral,Absolute,Germany,DE,867.637874
2015,Multilateral through EU,Absolute,Germany,DE,385.0653616
2015,Multilateral through UN and others,Absolute,Germany,DE,104.7530189
2015,Bilateral,Proportional,Germany,DE,0.639164519
2015,Multilateral through EU,Proportional,Germany,DE,0.283666866
2015,Multilateral through UN and others,Proportional,Germany,DE,0.077168615
2016,Bilateral,Absolute,Germany,DE,2166.866097
2016,Multilateral through EU,Absolute,Germany,DE,493.3913721
2016,Multilateral through UN and others,Absolute,Germany,DE,227.6203812
2016,Bilateral,Proportional,Germany,DE,0.750331631
2016,Multilateral through EU,Proportional,Germany,DE,0.170849114
2016,Multilateral through UN and others,Proportional,Germany,DE,0.078819255
2017,Bilateral,Absolute,Germany,DE,2722.553691
2017,Multilateral through EU,Absolute,Germany,DE,469.3521422
2017,Multilateral through UN and others,Absolute,Germany,DE,274.6882611
2017,Bilateral,Proportional,Germany,DE,0.785368467
2017,Multilateral through EU,Proportional,Germany,DE,0.135392875
2017,Multilateral through UN and others,Proportional,Germany,DE,0.079238657
2018,Bilateral,Absolute,Germany,DE,2568.680698
2018,Multilateral through EU,Absolute,Germany,DE,437.2202103
2018,Multilateral through UN and others,Absolute,Germany,DE,288.4123551
2018,Bilateral,Proportional,Germany,DE,0.779731766
2018,Multilateral through EU,Proportional,Germany,DE,0.132719682
2018,Multilateral through UN and others,Proportional,Germany,DE,0.087548552
2019,Bilateral,Absolute,Germany,DE,2165.90793
2019,Multilateral through EU,Absolute,Germany,DE,463.640798
2019,Multilateral through UN and others,Absolute,Germany,DE,261.5318094
2019,Bilateral,Proportional,Germany,DE,0.749169005
2019,Multilateral through EU,Proportional,Germany,DE,0.160369382
2019,Multilateral through UN and others,Proportional,Germany,DE,0.090461613
2020,Bilateral,Absolute,Germany,DE,2880.675819
2020,Multilateral through EU,Absolute,Germany,DE,558.1939181
2020,Multilateral through UN and others,Absolute,Germany,DE,276.8531881
2020,Bilateral,Proportional,Germany,DE,0.775266584
2020,Multilateral through EU,Proportional,Germany,DE,0.15022485
2020,Multilateral through UN and others,Proportional,Germany,DE,0.074508566
2011,Bilateral,Absolute,EU institutions,EU institutions,1533.219087
2011,Multilateral through EU,Absolute,EU institutions,EU institutions,0
2011,Multilateral through UN and others,Absolute,EU institutions,EU institutions,134.7427161
2011,Bilateral,Proportional,EU institutions,EU institutions,0.919217145
2011,Multilateral through EU,Proportional,EU institutions,EU institutions,0
2011,Multilateral through UN and others,Proportional,EU institutions,EU institutions,0.080782855
2012,Bilateral,Absolute,EU institutions,EU institutions,1560.87521
2012,Multilateral through EU,Absolute,EU institutions,EU institutions,0
2012,Multilateral through UN and others,Absolute,EU institutions,EU institutions,100.33
2012,Bilateral,Proportional,EU institutions,EU institutions,0.93960409
2012,Multilateral through EU,Proportional,EU institutions,EU institutions,0
2012,Multilateral through UN and others,Proportional,EU institutions,EU institutions,0.06039591
2013,Bilateral,Absolute,EU institutions,EU institutions,1674.331221
2013,Multilateral through EU,Absolute,EU institutions,EU institutions,0
2013,Multilateral through UN and others,Absolute,EU institutions,EU institutions,112.3830296
2013,Bilateral,Proportional,EU institutions,EU institutions,0.937100726
2013,Multilateral through EU,Proportional,EU institutions,EU institutions,0
2013,Multilateral through UN and others,Proportional,EU institutions,EU institutions,0.062899274
2014,Bilateral,Absolute,EU institutions,EU institutions,2043.673792
2014,Multilateral through EU,Absolute,EU institutions,EU institutions,0
2014,Multilateral through UN and others,Absolute,EU institutions,EU institutions,21.2123346
2014,Bilateral,Proportional,EU institutions,EU institutions,0.989727117
2014,Multilateral through EU,Proportional,EU institutions,EU institutions,0
2014,Multilateral through UN and others,Proportional,EU institutions,EU institutions,0.010272883
2015,Bilateral,Absolute,EU institutions,EU institutions,1818.810174
2015,Multilateral through EU,Absolute,EU institutions,EU institutions,0
2015,Multilateral through UN and others,Absolute,EU institutions,EU institutions,2.857723361
2015,Bilateral,Proportional,EU institutions,EU institutions,0.99843126
2015,Multilateral through EU,Proportional,EU institutions,EU institutions,0
2015,Multilateral through UN and others,Proportional,EU institutions,EU institutions,0.00156874
2016,Bilateral,Absolute,EU institutions,EU institutions,2491.616825
2016,Multilateral through EU,Absolute,EU institutions,EU institutions,0
2016,Multilateral through UN and others,Absolute,EU institutions,EU institutions,444.0148077
2016,Bilateral,Proportional,EU institutions,EU institutions,0.848749822
2016,Multilateral through EU,Proportional,EU institutions,EU institutions,0
2016,Multilateral through UN and others,Proportional,EU institutions,EU institutions,0.151250178
2017,Bilateral,Absolute,EU institutions,EU institutions,2113.518337
2017,Multilateral through EU,Absolute,EU institutions,EU institutions,0
2017,Multilateral through UN and others,Absolute,EU institutions,EU institutions,561.7628847
2017,Bilateral,Proportional,EU institutions,EU institutions,0.790017259
2017,Multilateral through EU,Proportional,EU institutions,EU institutions,0
2017,Multilateral through UN and others,Proportional,EU institutions,EU institutions,0.209982741
2018,Bilateral,Absolute,EU institutions,EU institutions,1935.318165
2018,Multilateral through EU,Absolute,EU institutions,EU institutions,0
2018,Multilateral through UN and others,Absolute,EU institutions,EU institutions,371.3408387
2018,Bilateral,Proportional,EU institutions,EU institutions,0.839013552
2018,Multilateral through EU,Proportional,EU institutions,EU institutions,0
2018,Multilateral through UN and others,Proportional,EU institutions,EU institutions,0.160986448
2019,Bilateral,Absolute,EU institutions,EU institutions,2131.589195
2019,Multilateral through EU,Absolute,EU institutions,EU institutions,0
2019,Multilateral through UN and others,Absolute,EU institutions,EU institutions,115.8781494
2019,Bilateral,Proportional,EU institutions,EU institutions,0.948440564
2019,Multilateral through EU,Proportional,EU institutions,EU institutions,0
2019,Multilateral through UN and others,Proportional,EU institutions,EU institutions,0.051559436
2020,Bilateral,Absolute,EU institutions,EU institutions,2490.747525
2020,Multilateral through EU,Absolute,EU institutions,EU institutions,0
2020,Multilateral through UN and others,Absolute,EU institutions,EU institutions,114.5582598
2020,Bilateral,Proportional,EU institutions,EU institutions,0.956028862
2020,Multilateral through EU,Proportional,EU institutions,EU institutions,0
2020,Multilateral through UN and others,Proportional,EU institutions,EU institutions,0.043971138
2011,Bilateral,Absolute,UK,GB,648.1978915
2011,Multilateral through EU,Absolute,UK,GB,231.9187876
2011,Multilateral through UN and others,Absolute,UK,GB,325.6966652
2011,Bilateral,Proportional,UK,GB,0.537560722
2011,Multilateral through EU,Proportional,UK,GB,0.192333904
2011,Multilateral through UN and others,Proportional,UK,GB,0.270105375
2012,Bilateral,Absolute,UK,GB,610.887352
2012,Multilateral through EU,Absolute,UK,GB,244.5402159
2012,Multilateral through UN and others,Absolute,UK,GB,256.2694139
2012,Bilateral,Proportional,UK,GB,0.54950887
2012,Multilateral through EU,Proportional,UK,GB,0.219970208
2012,Multilateral through UN and others,Proportional,UK,GB,0.230520923
2013,Bilateral,Absolute,UK,GB,1173.098334
2013,Multilateral through EU,Absolute,UK,GB,262.2165021
2013,Multilateral through UN and others,Absolute,UK,GB,275.1267229
2013,Bilateral,Proportional,UK,GB,0.685845317
2013,Multilateral through EU,Proportional,UK,GB,0.153303397
2013,Multilateral through UN and others,Proportional,UK,GB,0.160851285
2014,Bilateral,Absolute,UK,GB,1562.616125
2014,Multilateral through EU,Absolute,UK,GB,269.9075102
2014,Multilateral through UN and others,Absolute,UK,GB,341.9344152
2014,Bilateral,Proportional,UK,GB,0.718623256
2014,Multilateral through EU,Proportional,UK,GB,0.124126336
2014,Multilateral through UN and others,Proportional,UK,GB,0.157250408
2015,Bilateral,Absolute,UK,GB,1764.083534
2015,Multilateral through EU,Absolute,UK,GB,266.9996146
2015,Multilateral through UN and others,Absolute,UK,GB,305.6567155
2015,Bilateral,Proportional,UK,GB,0.754933641
2015,Multilateral through EU,Proportional,UK,GB,0.114261591
2015,Multilateral through UN and others,Proportional,UK,GB,0.130804768
2016,Bilateral,Absolute,UK,GB,1788.773488
2016,Multilateral through EU,Absolute,UK,GB,345.4468953
2016,Multilateral through UN and others,Absolute,UK,GB,368.3161847
2016,Bilateral,Proportional,UK,GB,0.714784156
2016,Multilateral through EU,Proportional,UK,GB,0.1380387
2016,Multilateral through UN and others,Proportional,UK,GB,0.147177144
2017,Bilateral,Absolute,UK,GB,1876.571783
2017,Multilateral through EU,Absolute,UK,GB,275.746593
2017,Multilateral through UN and others,Absolute,UK,GB,429.7760385
2017,Bilateral,Proportional,UK,GB,0.726763426
2017,Multilateral through EU,Proportional,UK,GB,0.106791832
2017,Multilateral through UN and others,Proportional,UK,GB,0.166444742
2018,Bilateral,Absolute,UK,GB,1698.475241
2018,Multilateral through EU,Absolute,UK,GB,245.8795667
2018,Multilateral through UN and others,Absolute,UK,GB,469.9621079
2018,Bilateral,Proportional,UK,GB,0.703501363
2018,Multilateral through EU,Proportional,UK,GB,0.101842291
2018,Multilateral through UN and others,Proportional,UK,GB,0.194656346
2019,Bilateral,Absolute,UK,GB,1964.761984
2019,Multilateral through EU,Absolute,UK,GB,331.0742805
2019,Multilateral through UN and others,Absolute,UK,GB,654.509418
2019,Bilateral,Proportional,UK,GB,0.665942976
2019,Multilateral through EU,Proportional,UK,GB,0.11221542
2019,Multilateral through UN and others,Proportional,UK,GB,0.221841604
2020,Bilateral,Absolute,UK,GB,1532.32187
2020,Multilateral through EU,Absolute,UK,GB,289.776735
2020,Multilateral through UN and others,Absolute,UK,GB,276.134727
2020,Bilateral,Proportional,UK,GB,0.730291454
2020,Multilateral through EU,Proportional,UK,GB,0.138105105
2020,Multilateral through UN and others,Proportional,UK,GB,0.131603441
2011,Bilateral,Absolute,Sweden,SE,385.970981
2011,Multilateral through EU,Absolute,Sweden,SE,39.78178433
2011,Multilateral through UN and others,Absolute,Sweden,SE,253.8327228
2011,Bilateral,Proportional,Sweden,SE,0.567950593
2011,Multilateral through EU,Proportional,Sweden,SE,0.058538308
2011,Multilateral through UN and others,Proportional,Sweden,SE,0.373511099
2012,Bilateral,Absolute,Sweden,SE,353.8743491
2012,Multilateral through EU,Absolute,Sweden,SE,40.88485207
2012,Multilateral through UN and others,Absolute,Sweden,SE,240.5886828
2012,Bilateral,Proportional,Sweden,SE,0.5569773
2012,Multilateral through EU,Proportional,Sweden,SE,0.06435034
2012,Multilateral through UN and others,Proportional,Sweden,SE,0.37867236
2013,Bilateral,Absolute,Sweden,SE,352.233335
2013,Multilateral through EU,Absolute,Sweden,SE,43.8869915
2013,Multilateral through UN and others,Absolute,Sweden,SE,232.1294172
2013,Bilateral,Proportional,Sweden,SE,0.560658144
2013,Multilateral through EU,Proportional,Sweden,SE,0.069855964
2013,Multilateral through UN and others,Proportional,Sweden,SE,0.369485892
2014,Bilateral,Absolute,Sweden,SE,474.6045859
2014,Multilateral through EU,Absolute,Sweden,SE,55.47614138
2014,Multilateral through UN and others,Absolute,Sweden,SE,244.0648928
2014,Bilateral,Proportional,Sweden,SE,0.613068877
2014,Multilateral through EU,Proportional,Sweden,SE,0.071661119
2014,Multilateral through UN and others,Proportional,Sweden,SE,0.315270004
2015,Bilateral,Absolute,Sweden,SE,366.857803
2015,Multilateral through EU,Absolute,Sweden,SE,57.56894973
2015,Multilateral through UN and others,Absolute,Sweden,SE,374.4720822
2015,Bilateral,Proportional,Sweden,SE,0.459204328
2015,Multilateral through EU,Proportional,Sweden,SE,0.072060375
2015,Multilateral through UN and others,Proportional,Sweden,SE,0.468735296
2016,Bilateral,Absolute,Sweden,SE,449.7097903
2016,Multilateral through EU,Absolute,Sweden,SE,48.93715091
2016,Multilateral through UN and others,Absolute,Sweden,SE,213.855802
2016,Bilateral,Proportional,Sweden,SE,0.631169205
2016,Multilateral through EU,Proportional,Sweden,SE,0.068683456
2016,Multilateral through UN and others,Proportional,Sweden,SE,0.300147338
2017,Bilateral,Absolute,Sweden,SE,449.9180606
2017,Multilateral through EU,Absolute,Sweden,SE,58.65739385
2017,Multilateral through UN and others,Absolute,Sweden,SE,324.0052783
2017,Bilateral,Proportional,Sweden,SE,0.54038971
2017,Multilateral through EU,Proportional,Sweden,SE,0.0704525
2017,Multilateral through UN and others,Proportional,Sweden,SE,0.38915779
2018,Bilateral,Absolute,Sweden,SE,466.013327
2018,Multilateral through EU,Absolute,Sweden,SE,56.76252555
2018,Multilateral through UN and others,Absolute,Sweden,SE,450.6228627
2018,Bilateral,Proportional,Sweden,SE,0.478748656
2018,Multilateral through EU,Proportional,Sweden,SE,0.058313746
2018,Multilateral through UN and others,Proportional,Sweden,SE,0.462937598
2019,Bilateral,Absolute,Sweden,SE,490.6667704
2019,Multilateral through EU,Absolute,Sweden,SE,59.55133759
2019,Multilateral through UN and others,Absolute,Sweden,SE,335.5321619
2019,Bilateral,Proportional,Sweden,SE,0.553956106
2019,Multilateral through EU,Proportional,Sweden,SE,0.06723265
2019,Multilateral through UN and others,Proportional,Sweden,SE,0.378811244
2020,Bilateral,Absolute,Sweden,SE,518.782249
2020,Multilateral through EU,Absolute,Sweden,SE,73.90317376
2020,Multilateral through UN and others,Absolute,Sweden,SE,326.7600545
2020,Bilateral,Proportional,Sweden,SE,0.564233836
2020,Multilateral through EU,Proportional,Sweden,SE,0.080377984
2020,Multilateral through UN and others,Proportional,Sweden,SE,0.35538818
2011,Bilateral,Absolute,Netherlands,NL,160.1411742
2011,Multilateral through EU,Absolute,Netherlands,NL,81.90313054
2011,Multilateral through UN and others,Absolute,Netherlands,NL,170.0832246
2011,Bilateral,Proportional,Netherlands,NL,0.388571893
2011,Multilateral through EU,Proportional,Netherlands,NL,0.198732491
2011,Multilateral through UN and others,Proportional,Netherlands,NL,0.412695616
2012,Bilateral,Absolute,Netherlands,NL,144.721196
2012,Multilateral through EU,Absolute,Netherlands,NL,83.6875512
2012,Multilateral through UN and others,Absolute,Netherlands,NL,172.4850713
2012,Bilateral,Proportional,Netherlands,NL,0.360996327
2012,Multilateral through EU,Proportional,Netherlands,NL,0.208752411
2012,Multilateral through UN and others,Proportional,Netherlands,NL,0.430251262
2013,Bilateral,Absolute,Netherlands,NL,139.3106078
2013,Multilateral through EU,Absolute,Netherlands,NL,89.27198751
2013,Multilateral through UN and others,Absolute,Netherlands,NL,163.7220932
2013,Bilateral,Proportional,Netherlands,NL,0.35510819
2013,Multilateral through EU,Proportional,Netherlands,NL,0.227557789
2013,Multilateral through UN and others,Proportional,Netherlands,NL,0.417334021
2014,Bilateral,Absolute,Netherlands,NL,274.045601
2014,Multilateral through EU,Absolute,Netherlands,NL,99.84511318
2014,Multilateral through UN and others,Absolute,Netherlands,NL,151.5707636
2014,Bilateral,Proportional,Netherlands,NL,0.521533191
2014,Multilateral through EU,Proportional,Netherlands,NL,0.190014145
2014,Multilateral through UN and others,Proportional,Netherlands,NL,0.288452665
2015,Bilateral,Absolute,Netherlands,NL,513.134986
2015,Multilateral through EU,Absolute,Netherlands,NL,85.29527337
2015,Multilateral through UN and others,Absolute,Netherlands,NL,181.6403482
2015,Bilateral,Proportional,Netherlands,NL,0.65780582
2015,Multilateral through EU,Proportional,Netherlands,NL,0.109343017
2015,Multilateral through UN and others,Proportional,Netherlands,NL,0.232851163
2016,Bilateral,Absolute,Netherlands,NL,352.227551
2016,Multilateral through EU,Absolute,Netherlands,NL,102.0390076
2016,Multilateral through UN and others,Absolute,Netherlands,NL,223.0884169
2016,Bilateral,Proportional,Netherlands,NL,0.520004375
2016,Multilateral through EU,Proportional,Netherlands,NL,0.150643328
2016,Multilateral through UN and others,Proportional,Netherlands,NL,0.329352297
2017,Bilateral,Absolute,Netherlands,NL,300.2367705
2017,Multilateral through EU,Absolute,Netherlands,NL,94.25987615
2017,Multilateral through UN and others,Absolute,Netherlands,NL,242.6667214
2017,Bilateral,Proportional,Netherlands,NL,0.471208462
2017,Multilateral through EU,Proportional,Netherlands,NL,0.147936747
2017,Multilateral through UN and others,Proportional,Netherlands,NL,0.380854791
2018,Bilateral,Absolute,Netherlands,NL,282.140773
2018,Multilateral through EU,Absolute,Netherlands,NL,85.40513475
2018,Multilateral through UN and others,Absolute,Netherlands,NL,296.5098489
2018,Bilateral,Proportional,Netherlands,NL,0.424875126
2018,Multilateral through EU,Proportional,Netherlands,NL,0.128611391
2018,Multilateral through UN and others,Proportional,Netherlands,NL,0.446513483
2019,Bilateral,Absolute,Netherlands,NL,207.750184
2019,Multilateral through EU,Absolute,Netherlands,NL,87.92354918
2019,Multilateral through UN and others,Absolute,Netherlands,NL,317.7053244
2019,Bilateral,Proportional,Netherlands,NL,0.338697876
2019,Multilateral through EU,Proportional,Netherlands,NL,0.143342927
2019,Multilateral through UN and others,Proportional,Netherlands,NL,0.517959197
2020,Bilateral,Absolute,Netherlands,NL,336.486914
2020,Multilateral through EU,Absolute,Netherlands,NL,97.42005431
2020,Multilateral through UN and others,Absolute,Netherlands,NL,337.7299009
2020,Bilateral,Proportional,Netherlands,NL,0.436068995
2020,Multilateral through EU,Proportional,Netherlands,NL,0.126251166
2020,Multilateral through UN and others,Proportional,Netherlands,NL,0.437679839
2011,Bilateral,Absolute,Norway,NO,268.898217
2011,Multilateral through EU,Absolute,Norway,NO,0
2011,Multilateral through UN and others,Absolute,Norway,NO,145.3662662
2011,Bilateral,Proportional,Norway,NO,0.649097926
2011,Multilateral through EU,Proportional,Norway,NO,0
2011,Multilateral through UN and others,Proportional,Norway,NO,0.350902074
2012,Bilateral,Absolute,Norway,NO,240.825787
2012,Multilateral through EU,Absolute,Norway,NO,0
2012,Multilateral through UN and others,Absolute,Norway,NO,141.7714979
2012,Bilateral,Proportional,Norway,NO,0.629449807
2012,Multilateral through EU,Proportional,Norway,NO,0
2012,Multilateral through UN and others,Proportional,Norway,NO,0.370550193
2013,Bilateral,Absolute,Norway,NO,303.999361
2013,Multilateral through EU,Absolute,Norway,NO,0
2013,Multilateral through UN and others,Absolute,Norway,NO,135.1612804
2013,Bilateral,Proportional,Norway,NO,0.692228156
2013,Multilateral through EU,Proportional,Norway,NO,0
2013,Multilateral through UN and others,Proportional,Norway,NO,0.307771844
2014,Bilateral,Absolute,Norway,NO,341.033692
2014,Multilateral through EU,Absolute,Norway,NO,0
2014,Multilateral through UN and others,Absolute,Norway,NO,141.1213426
2014,Bilateral,Proportional,Norway,NO,0.707311275
2014,Multilateral through EU,Proportional,Norway,NO,0
2014,Multilateral through UN and others,Proportional,Norway,NO,0.292688725
2015,Bilateral,Absolute,Norway,NO,401.0168612
2015,Multilateral through EU,Absolute,Norway,NO,0
2015,Multilateral through UN and others,Absolute,Norway,NO,149.2996927
2015,Bilateral,Proportional,Norway,NO,0.728702159
2015,Multilateral through EU,Proportional,Norway,NO,0
2015,Multilateral through UN and others,Proportional,Norway,NO,0.271297841
2016,Bilateral,Absolute,Norway,NO,475.6626896
2016,Multilateral through EU,Absolute,Norway,NO,0
2016,Multilateral through UN and others,Absolute,Norway,NO,154.8607302
2016,Bilateral,Proportional,Norway,NO,0.754393373
2016,Multilateral through EU,Proportional,Norway,NO,0
2016,Multilateral through UN and others,Proportional,Norway,NO,0.245606627
2017,Bilateral,Absolute,Norway,NO,536.677175
2017,Multilateral through EU,Absolute,Norway,NO,0
2017,Multilateral through UN and others,Absolute,Norway,NO,168.9418121
2017,Bilateral,Proportional,Norway,NO,0.760576437
2017,Multilateral through EU,Proportional,Norway,NO,0
2017,Multilateral through UN and others,Proportional,Norway,NO,0.239423563
2018,Bilateral,Absolute,Norway,NO,472.636078
2018,Multilateral through EU,Absolute,Norway,NO,0
2018,Multilateral through UN and others,Absolute,Norway,NO,177.6236414
2018,Bilateral,Proportional,Norway,NO,0.726842005
2018,Multilateral through EU,Proportional,Norway,NO,0
2018,Multilateral through UN and others,Proportional,Norway,NO,0.273157995
2019,Bilateral,Absolute,Norway,NO,526.0318931
2019,Multilateral through EU,Absolute,Norway,NO,0
2019,Multilateral through UN and others,Absolute,Norway,NO,180.829861
2019,Bilateral,Proportional,Norway,NO,0.744179311
2019,Multilateral through EU,Proportional,Norway,NO,0
2019,Multilateral through UN and others,Proportional,Norway,NO,0.255820689
2020,Bilateral,Absolute,Norway,NO,524.907376
2020,Multilateral through EU,Absolute,Norway,NO,0
2020,Multilateral through UN and others,Absolute,Norway,NO,191.1122027
2020,Bilateral,Proportional,Norway,NO,0.733090814
2020,Multilateral through EU,Proportional,Norway,NO,0
2020,Multilateral through UN and others,Proportional,Norway,NO,0.266909186
2011,Bilateral,Absolute,Canada,CA,352.4690636
2011,Multilateral through EU,Absolute,Canada,CA,0
2011,Multilateral through UN and others,Absolute,Canada,CA,116.5568878
2011,Bilateral,Proportional,Canada,CA,0.751491602
2011,Multilateral through EU,Proportional,Canada,CA,0
2011,Multilateral through UN and others,Proportional,Canada,CA,0.248508398
2012,Bilateral,Absolute,Canada,CA,411.776658
2012,Multilateral through EU,Absolute,Canada,CA,0
2012,Multilateral through UN and others,Absolute,Canada,CA,34.94046961
2012,Bilateral,Proportional,Canada,CA,0.921783904
2012,Multilateral through EU,Proportional,Canada,CA,0
2012,Multilateral through UN and others,Proportional,Canada,CA,0.078216096
2013,Bilateral,Absolute,Canada,CA,489.91759
2013,Multilateral through EU,Absolute,Canada,CA,0
2013,Multilateral through UN and others,Absolute,Canada,CA,65.03061369
2013,Bilateral,Proportional,Canada,CA,0.882816787
2013,Multilateral through EU,Proportional,Canada,CA,0
2013,Multilateral through UN and others,Proportional,Canada,CA,0.117183213
2014,Bilateral,Absolute,Canada,CA,580.553154
2014,Multilateral through EU,Absolute,Canada,CA,0
2014,Multilateral through UN and others,Absolute,Canada,CA,58.05037243
2014,Bilateral,Proportional,Canada,CA,0.909097946
2014,Multilateral through EU,Proportional,Canada,CA,0
2014,Multilateral through UN and others,Proportional,Canada,CA,0.090902054
2015,Bilateral,Absolute,Canada,CA,695.474383
2015,Multilateral through EU,Absolute,Canada,CA,0
2015,Multilateral through UN and others,Absolute,Canada,CA,74.5222516
2015,Bilateral,Proportional,Canada,CA,0.903217432
2015,Multilateral through EU,Proportional,Canada,CA,0
2015,Multilateral through UN and others,Proportional,Canada,CA,0.096782568
2016,Bilateral,Absolute,Canada,CA,522.914392
2016,Multilateral through EU,Absolute,Canada,CA,0
2016,Multilateral through UN and others,Absolute,Canada,CA,86.09035604
2016,Bilateral,Proportional,Canada,CA,0.858637628
2016,Multilateral through EU,Proportional,Canada,CA,0
2016,Multilateral through UN and others,Proportional,Canada,CA,0.141362372
2017,Bilateral,Absolute,Canada,CA,653.386181
2017,Multilateral through EU,Absolute,Canada,CA,0
2017,Multilateral through UN and others,Absolute,Canada,CA,92.01089052
2017,Bilateral,Proportional,Canada,CA,0.87656124
2017,Multilateral through EU,Proportional,Canada,CA,0
2017,Multilateral through UN and others,Proportional,Canada,CA,0.12343876
2018,Bilateral,Absolute,Canada,CA,657.707389
2018,Multilateral through EU,Absolute,Canada,CA,0
2018,Multilateral through UN and others,Absolute,Canada,CA,93.03561429
2018,Bilateral,Proportional,Canada,CA,0.876075283
2018,Multilateral through EU,Proportional,Canada,CA,0
2018,Multilateral through UN and others,Proportional,Canada,CA,0.123924717
2019,Bilateral,Absolute,Canada,CA,561.276501
2019,Multilateral through EU,Absolute,Canada,CA,0
2019,Multilateral through UN and others,Absolute,Canada,CA,95.70218802
2019,Bilateral,Proportional,Canada,CA,0.854329844
2019,Multilateral through EU,Proportional,Canada,CA,0
2019,Multilateral through UN and others,Proportional,Canada,CA,0.145670156
2020,Bilateral,Absolute,Canada,CA,600.0008878
2020,Multilateral through EU,Absolute,Canada,CA,0
2020,Multilateral through UN and others,Absolute,Canada,CA,83.47168993
2020,Bilateral,Proportional,Canada,CA,0.877871194
2020,Multilateral through EU,Proportional,Canada,CA,0
2020,Multilateral through UN and others,Proportional,Canada,CA,0.122128806
2011,Bilateral,Absolute,Saudi Arabia,SA,195.7942976
2011,Multilateral through EU,Absolute,Saudi Arabia,SA,0
2011,Multilateral through UN and others,Absolute,Saudi Arabia,SA,0
2011,Bilateral,Proportional,Saudi Arabia,SA,1
2011,Multilateral through EU,Proportional,Saudi Arabia,SA,0
2011,Multilateral through UN and others,Proportional,Saudi Arabia,SA,0
2012,Bilateral,Absolute,Saudi Arabia,SA,464.9715205
2012,Multilateral through EU,Absolute,Saudi Arabia,SA,0
2012,Multilateral through UN and others,Absolute,Saudi Arabia,SA,0
2012,Bilateral,Proportional,Saudi Arabia,SA,1
2012,Multilateral through EU,Proportional,Saudi Arabia,SA,0
2012,Multilateral through UN and others,Proportional,Saudi Arabia,SA,0
2013,Bilateral,Absolute,Saudi Arabia,SA,194.5535924
2013,Multilateral through EU,Absolute,Saudi Arabia,SA,0
2013,Multilateral through UN and others,Absolute,Saudi Arabia,SA,0
2013,Bilateral,Proportional,Saudi Arabia,SA,1
2013,Multilateral through EU,Proportional,Saudi Arabia,SA,0
2013,Multilateral through UN and others,Proportional,Saudi Arabia,SA,0
2014,Bilateral,Absolute,Saudi Arabia,SA,838.0996173
2014,Multilateral through EU,Absolute,Saudi Arabia,SA,0
2014,Multilateral through UN and others,Absolute,Saudi Arabia,SA,0
2014,Bilateral,Proportional,Saudi Arabia,SA,1
2014,Multilateral through EU,Proportional,Saudi Arabia,SA,0
2014,Multilateral through UN and others,Proportional,Saudi Arabia,SA,0
2015,Bilateral,Absolute,Saudi Arabia,SA,661.0581691
2015,Multilateral through EU,Absolute,Saudi Arabia,SA,0
2015,Multilateral through UN and others,Absolute,Saudi Arabia,SA,0
2015,Bilateral,Proportional,Saudi Arabia,SA,1
2015,Multilateral through EU,Proportional,Saudi Arabia,SA,0
2015,Multilateral through UN and others,Proportional,Saudi Arabia,SA,0
2016,Bilateral,Absolute,Saudi Arabia,SA,511.0245299
2016,Multilateral through EU,Absolute,Saudi Arabia,SA,0
2016,Multilateral through UN and others,Absolute,Saudi Arabia,SA,0
2016,Bilateral,Proportional,Saudi Arabia,SA,1
2016,Multilateral through EU,Proportional,Saudi Arabia,SA,0
2016,Multilateral through UN and others,Proportional,Saudi Arabia,SA,0
2017,Bilateral,Absolute,Saudi Arabia,SA,521.6420521
2017,Multilateral through EU,Absolute,Saudi Arabia,SA,0
2017,Multilateral through UN and others,Absolute,Saudi Arabia,SA,0
2017,Bilateral,Proportional,Saudi Arabia,SA,1
2017,Multilateral through EU,Proportional,Saudi Arabia,SA,0
2017,Multilateral through UN and others,Proportional,Saudi Arabia,SA,0
2018,Bilateral,Absolute,Saudi Arabia,SA,1652.886476
2018,Multilateral through EU,Absolute,Saudi Arabia,SA,0
2018,Multilateral through UN and others,Absolute,Saudi Arabia,SA,0
2018,Bilateral,Proportional,Saudi Arabia,SA,1
2018,Multilateral through EU,Proportional,Saudi Arabia,SA,0
2018,Multilateral through UN and others,Proportional,Saudi Arabia,SA,0
2019,Bilateral,Absolute,Saudi Arabia,SA,1444.284152
2019,Multilateral through EU,Absolute,Saudi Arabia,SA,0
2019,Multilateral through UN and others,Absolute,Saudi Arabia,SA,0
2019,Bilateral,Proportional,Saudi Arabia,SA,1
2019,Multilateral through EU,Proportional,Saudi Arabia,SA,0
2019,Multilateral through UN and others,Proportional,Saudi Arabia,SA,0
2020,Bilateral,Absolute,Saudi Arabia,SA,679.2350788
2020,Multilateral through EU,Absolute,Saudi Arabia,SA,0
2020,Multilateral through UN and others,Absolute,Saudi Arabia,SA,0
2020,Bilateral,Proportional,Saudi Arabia,SA,1
2020,Multilateral through EU,Proportional,Saudi Arabia,SA,0
2020,Multilateral through UN and others,Proportional,Saudi Arabia,SA,0
2011,Bilateral,Absolute,Switzerland,CH,263.6006989
2011,Multilateral through EU,Absolute,Switzerland,CH,0
2011,Multilateral through UN and others,Absolute,Switzerland,CH,50.91688332
2011,Bilateral,Proportional,Switzerland,CH,0.83811117
2011,Multilateral through EU,Proportional,Switzerland,CH,0
2011,Multilateral through UN and others,Proportional,Switzerland,CH,0.16188883
2012,Bilateral,Absolute,Switzerland,CH,282.3582681
2012,Multilateral through EU,Absolute,Switzerland,CH,0
2012,Multilateral through UN and others,Absolute,Switzerland,CH,41.14776258
2012,Bilateral,Proportional,Switzerland,CH,0.872806814
2012,Multilateral through EU,Proportional,Switzerland,CH,0
2012,Multilateral through UN and others,Proportional,Switzerland,CH,0.127193186
2013,Bilateral,Absolute,Switzerland,CH,317.31314
2013,Multilateral through EU,Absolute,Switzerland,CH,0
2013,Multilateral through UN and others,Absolute,Switzerland,CH,47.42495635
2013,Bilateral,Proportional,Switzerland,CH,0.869975314
2013,Multilateral through EU,Proportional,Switzerland,CH,0
2013,Multilateral through UN and others,Proportional,Switzerland,CH,0.130024686
2014,Bilateral,Absolute,Switzerland,CH,359.0409013
2014,Multilateral through EU,Absolute,Switzerland,CH,0
2014,Multilateral through UN and others,Absolute,Switzerland,CH,61.07021058
2014,Bilateral,Proportional,Switzerland,CH,0.854633194
2014,Multilateral through EU,Proportional,Switzerland,CH,0
2014,Multilateral through UN and others,Proportional,Switzerland,CH,0.145366806
2015,Bilateral,Absolute,Switzerland,CH,412.2221299
2015,Multilateral through EU,Absolute,Switzerland,CH,0
2015,Multilateral through UN and others,Absolute,Switzerland,CH,73.00057045
2015,Bilateral,Proportional,Switzerland,CH,0.849552442
2015,Multilateral through EU,Proportional,Switzerland,CH,0
2015,Multilateral through UN and others,Proportional,Switzerland,CH,0.150447558
2016,Bilateral,Absolute,Switzerland,CH,361.1943972
2016,Multilateral through EU,Absolute,Switzerland,CH,0
2016,Multilateral through UN and others,Absolute,Switzerland,CH,73.92802184
2016,Bilateral,Proportional,Switzerland,CH,0.830098339
2016,Multilateral through EU,Proportional,Switzerland,CH,0
2016,Multilateral through UN and others,Proportional,Switzerland,CH,0.169901661
2017,Bilateral,Absolute,Switzerland,CH,336.002235
2017,Multilateral through EU,Absolute,Switzerland,CH,0
2017,Multilateral through UN and others,Absolute,Switzerland,CH,75.80436012
2017,Bilateral,Proportional,Switzerland,CH,0.815922423
2017,Multilateral through EU,Proportional,Switzerland,CH,0
2017,Multilateral through UN and others,Proportional,Switzerland,CH,0.184077577
2018,Bilateral,Absolute,Switzerland,CH,320.605944
2018,Multilateral through EU,Absolute,Switzerland,CH,0
2018,Multilateral through UN and others,Absolute,Switzerland,CH,81.60858507
2018,Bilateral,Proportional,Switzerland,CH,0.797101847
2018,Multilateral through EU,Proportional,Switzerland,CH,0
2018,Multilateral through UN and others,Proportional,Switzerland,CH,0.202898153
2019,Bilateral,Absolute,Switzerland,CH,330.9675743
2019,Multilateral through EU,Absolute,Switzerland,CH,0
2019,Multilateral through UN and others,Absolute,Switzerland,CH,79.45967959
2019,Bilateral,Proportional,Switzerland,CH,0.806397653
2019,Multilateral through EU,Proportional,Switzerland,CH,0
2019,Multilateral through UN and others,Proportional,Switzerland,CH,0.193602347
2020,Bilateral,Absolute,Switzerland,CH,560.3218658
2020,Multilateral through EU,Absolute,Switzerland,CH,0
2020,Multilateral through UN and others,Absolute,Switzerland,CH,96.35931779
2020,Bilateral,Proportional,Switzerland,CH,0.853263166
2020,Multilateral through EU,Proportional,Switzerland,CH,0
2020,Multilateral through UN and others,Proportional,Switzerland,CH,0.146736834
2011,Bilateral,Absolute,France,FR,75.17943859
2011,Multilateral through EU,Absolute,France,FR,278.1349163
2011,Multilateral through UN and others,Absolute,France,FR,57.0504373
2011,Bilateral,Proportional,France,FR,0.183201483
2011,Multilateral through EU,Proportional,France,FR,0.677774803
2011,Multilateral through UN and others,Proportional,France,FR,0.139023713
2012,Bilateral,Absolute,France,FR,56.772875
2012,Multilateral through EU,Absolute,France,FR,279.6531017
2012,Multilateral through UN and others,Absolute,France,FR,39.64142843
2012,Bilateral,Proportional,France,FR,0.150964626
2012,Multilateral through EU,Proportional,France,FR,0.74362494
2012,Multilateral through UN and others,Proportional,France,FR,0.105410434
2013,Bilateral,Absolute,France,FR,36.533728
2013,Multilateral through EU,Absolute,France,FR,304.5307941
2013,Multilateral through UN and others,Absolute,France,FR,39.67732683
2013,Bilateral,Proportional,France,FR,0.095954065
2013,Multilateral through EU,Proportional,France,FR,0.799835361
2013,Multilateral through UN and others,Proportional,France,FR,0.104210575
2014,Bilateral,Absolute,France,FR,44.207739
2014,Multilateral through EU,Absolute,France,FR,349.918673
2014,Multilateral through UN and others,Absolute,France,FR,43.3591649
2014,Bilateral,Proportional,France,FR,0.101049592
2014,Multilateral through EU,Proportional,France,FR,0.799840478
2014,Multilateral through UN and others,Proportional,France,FR,0.09910993
2015,Bilateral,Absolute,France,FR,37.865828
2015,Multilateral through EU,Absolute,France,FR,293.5289117
2015,Multilateral through UN and others,Absolute,France,FR,98.57425611
2015,Bilateral,Proportional,France,FR,0.088066415
2015,Multilateral through EU,Proportional,France,FR,0.682674599
2015,Multilateral through UN and others,Proportional,France,FR,0.229258986
2016,Bilateral,Absolute,France,FR,161.4544497
2016,Multilateral through EU,Absolute,France,FR,432.4715536
2016,Multilateral through UN and others,Absolute,France,FR,163.9639917
2016,Bilateral,Proportional,France,FR,0.21303151
2016,Multilateral through EU,Proportional,France,FR,0.570625759
2016,Multilateral through UN and others,Proportional,France,FR,0.216342731
2017,Bilateral,Absolute,France,FR,82.08666294
2017,Multilateral through EU,Absolute,France,FR,373.0380455
2017,Multilateral through UN and others,Absolute,France,FR,166.2981399
2017,Bilateral,Proportional,France,FR,0.132094697
2017,Multilateral through EU,Proportional,France,FR,0.600296636
2017,Multilateral through UN and others,Proportional,France,FR,0.267608667
2018,Bilateral,Absolute,France,FR,104.175116
2018,Multilateral through EU,Absolute,France,FR,347.0907997
2018,Multilateral through UN and others,Absolute,France,FR,165.6848742
2018,Bilateral,Proportional,France,FR,0.168854822
2018,Multilateral through EU,Proportional,France,FR,0.562590737
2018,Multilateral through UN and others,Proportional,France,FR,0.26855444
2019,Bilateral,Absolute,France,FR,156.022722
2019,Multilateral through EU,Absolute,France,FR,363.6384531
2019,Multilateral through UN and others,Absolute,France,FR,100.1668295
2019,Bilateral,Proportional,France,FR,0.251719382
2019,Multilateral through EU,Proportional,France,FR,0.586676385
2019,Multilateral through UN and others,Proportional,France,FR,0.161604233
2020,Bilateral,Absolute,France,FR,121.771984
2020,Multilateral through EU,Absolute,France,FR,433.7276748
2020,Multilateral through UN and others,Absolute,France,FR,69.38481518
2020,Bilateral,Proportional,France,FR,0.194871195
2020,Multilateral through EU,Proportional,France,FR,0.694092577
2020,Multilateral through UN and others,Proportional,France,FR,0.111036228
2011,Bilateral,Absolute,Denmark,DK,159.301199
2011,Multilateral through EU,Absolute,Denmark,DK,31.43397063
2011,Multilateral through UN and others,Absolute,Denmark,DK,75.6433458
2011,Bilateral,Proportional,Denmark,DK,0.598025703
2011,Multilateral through EU,Proportional,Denmark,DK,0.118004902
2011,Multilateral through UN and others,Proportional,Denmark,DK,0.283969395
2012,Bilateral,Absolute,Denmark,DK,156.492202
2012,Multilateral through EU,Absolute,Denmark,DK,31.91231863
2012,Multilateral through UN and others,Absolute,Denmark,DK,107.0246485
2012,Bilateral,Proportional,Denmark,DK,0.529711411
2012,Multilateral through EU,Proportional,Denmark,DK,0.108020202
2012,Multilateral through UN and others,Proportional,Denmark,DK,0.362268387
2013,Bilateral,Absolute,Denmark,DK,209.821635
2013,Multilateral through EU,Absolute,Denmark,DK,34.69157605
2013,Multilateral through UN and others,Absolute,Denmark,DK,90.99635552
2013,Bilateral,Proportional,Denmark,DK,0.625381974
2013,Multilateral through EU,Proportional,Denmark,DK,0.103399663
2013,Multilateral through UN and others,Proportional,Denmark,DK,0.271218363
2014,Bilateral,Absolute,Denmark,DK,236.548488
2014,Multilateral through EU,Absolute,Denmark,DK,40.10243802
2014,Multilateral through UN and others,Absolute,Denmark,DK,110.2740754
2014,Bilateral,Proportional,Denmark,DK,0.611354881
2014,Multilateral through EU,Proportional,Denmark,DK,0.103643957
2014,Multilateral through UN and others,Proportional,Denmark,DK,0.285001163
2015,Bilateral,Absolute,Denmark,DK,188.55194
2015,Multilateral through EU,Absolute,Denmark,DK,35.80090274
2015,Multilateral through UN and others,Absolute,Denmark,DK,93.99388803
2015,Bilateral,Proportional,Denmark,DK,0.592284832
2015,Multilateral through EU,Proportional,Denmark,DK,0.112458836
2015,Multilateral through UN and others,Proportional,Denmark,DK,0.295256332
2016,Bilateral,Absolute,Denmark,DK,251.5919512
2016,Multilateral through EU,Absolute,Denmark,DK,45.89848645
2016,Multilateral through UN and others,Absolute,Denmark,DK,122.7194836
2016,Bilateral,Proportional,Denmark,DK,0.598729203
2016,Multilateral through EU,Proportional,Denmark,DK,0.109227517
2016,Multilateral through UN and others,Proportional,Denmark,DK,0.29204328
2017,Bilateral,Absolute,Denmark,DK,349.1906738
2017,Multilateral through EU,Absolute,Denmark,DK,43.28949745
2017,Multilateral through UN and others,Absolute,Denmark,DK,128.9000612
2017,Bilateral,Proportional,Denmark,DK,0.669742833
2017,Multilateral through EU,Proportional,Denmark,DK,0.083028651
2017,Multilateral through UN and others,Proportional,Denmark,DK,0.247228516
2018,Bilateral,Absolute,Denmark,DK,342.795445
2018,Multilateral through EU,Absolute,Denmark,DK,40.14101322
2018,Multilateral through UN and others,Absolute,Denmark,DK,118.1371187
2018,Bilateral,Proportional,Denmark,DK,0.684121975
2018,Multilateral through EU,Proportional,Denmark,DK,0.080110018
2018,Multilateral through UN and others,Proportional,Denmark,DK,0.235768007
2019,Bilateral,Absolute,Denmark,DK,412.090157
2019,Multilateral through EU,Absolute,Denmark,DK,43.40237439
2019,Multilateral through UN and others,Absolute,Denmark,DK,104.3758534
2019,Bilateral,Proportional,Denmark,DK,0.736048272
2019,Multilateral through EU,Proportional,Denmark,DK,0.07752246
2019,Multilateral through UN and others,Proportional,Denmark,DK,0.186429268
2020,Bilateral,Absolute,Denmark,DK,363.4229283
2020,Multilateral through EU,Absolute,Denmark,DK,53.14024265
2020,Multilateral through UN and others,Absolute,Denmark,DK,121.0710051
2020,Bilateral,Proportional,Denmark,DK,0.675966939
2020,Multilateral through EU,Proportional,Denmark,DK,0.098840894
2020,Multilateral through UN and others,Proportional,Denmark,DK,0.225192167
2011,Bilateral,Absolute,Italy,IT,75.061083
2011,Multilateral through EU,Absolute,Italy,IT,223.7901518
2011,Multilateral through UN and others,Absolute,Italy,IT,29.2421887
2011,Bilateral,Proportional,Italy,IT,0.228779602
2011,Multilateral through EU,Proportional,Italy,IT,0.682092769
2011,Multilateral through UN and others,Proportional,Italy,IT,0.089127628
2012,Bilateral,Absolute,Italy,IT,47.076085
2012,Multilateral through EU,Absolute,Italy,IT,203.9427737
2012,Multilateral through UN and others,Absolute,Italy,IT,14.97777249
2012,Bilateral,Proportional,Italy,IT,0.176980005
2012,Multilateral through EU,Proportional,Italy,IT,0.766711867
2012,Multilateral through UN and others,Proportional,Italy,IT,0.056308129
2013,Bilateral,Absolute,Italy,IT,58.935314
2013,Multilateral through EU,Absolute,Italy,IT,216.270946
2013,Multilateral through UN and others,Absolute,Italy,IT,29.1964836
2013,Bilateral,Proportional,Italy,IT,0.193609668
2013,Multilateral through EU,Proportional,Italy,IT,0.710476336
2013,Multilateral through UN and others,Proportional,Italy,IT,0.095913996
2014,Bilateral,Absolute,Italy,IT,65.50899085
2014,Multilateral through EU,Absolute,Italy,IT,247.89752
2014,Multilateral through UN and others,Absolute,Italy,IT,25.25826034
2014,Bilateral,Proportional,Italy,IT,0.193433142
2014,Multilateral through EU,Proportional,Italy,IT,0.731984963
2014,Multilateral through UN and others,Proportional,Italy,IT,0.074581895
2015,Bilateral,Absolute,Italy,IT,115.1545128
2015,Multilateral through EU,Absolute,Italy,IT,216.1020994
2015,Multilateral through UN and others,Absolute,Italy,IT,26.18771541
2015,Bilateral,Proportional,Italy,IT,0.322160694
2015,Multilateral through EU,Proportional,Italy,IT,0.604575546
2015,Multilateral through UN and others,Proportional,Italy,IT,0.07326376
2016,Bilateral,Absolute,Italy,IT,178.957449
2016,Multilateral through EU,Absolute,Italy,IT,311.3105873
2016,Multilateral through UN and others,Absolute,Italy,IT,91.506451
2016,Bilateral,Proportional,Italy,IT,0.307606217
2016,Multilateral through EU,Proportional,Italy,IT,0.535105258
2016,Multilateral through UN and others,Proportional,Italy,IT,0.157288525
2017,Bilateral,Absolute,Italy,IT,268.73677
2017,Multilateral through EU,Absolute,Italy,IT,271.9195391
2017,Multilateral through UN and others,Absolute,Italy,IT,104.224607
2017,Bilateral,Proportional,Italy,IT,0.416723093
2017,Multilateral through EU,Proportional,Italy,IT,0.42165853
2017,Multilateral through UN and others,Proportional,Italy,IT,0.161618377
2018,Bilateral,Absolute,Italy,IT,223.917314
2018,Multilateral through EU,Absolute,Italy,IT,249.8400377
2018,Multilateral through UN and others,Absolute,Italy,IT,81.57785698
2018,Bilateral,Proportional,Italy,IT,0.403211089
2018,Multilateral through EU,Proportional,Italy,IT,0.449890505
2018,Multilateral through UN and others,Proportional,Italy,IT,0.146898406
2019,Bilateral,Absolute,Italy,IT,116.1851396
2019,Multilateral through EU,Absolute,Italy,IT,266.7786628
2019,Multilateral through UN and others,Absolute,Italy,IT,55.24109459
2019,Bilateral,Proportional,Italy,IT,0.265138844
2019,Multilateral through EU,Proportional,Italy,IT,0.608798908
2019,Multilateral through UN and others,Proportional,Italy,IT,0.126062248
2020,Bilateral,Absolute,Italy,IT,137.823265
2020,Multilateral through EU,Absolute,Italy,IT,313.3569951
2020,Multilateral through UN and others,Absolute,Italy,IT,60.05558003
2020,Bilateral,Proportional,Italy,IT,0.269588425
2020,Multilateral through EU,Proportional,Italy,IT,0.612940194
2020,Multilateral through UN and others,Proportional,Italy,IT,0.117471381
2011,Bilateral,Absolute,Japan,JP,717.0113887
2011,Multilateral through EU,Absolute,Japan,JP,0
2011,Multilateral through UN and others,Absolute,Japan,JP,80.56389297
2011,Bilateral,Proportional,Japan,JP,0.89898898
2011,Multilateral through EU,Proportional,Japan,JP,0
2011,Multilateral through UN and others,Proportional,Japan,JP,0.10101102
2012,Bilateral,Absolute,Japan,JP,502.512348
2012,Multilateral through EU,Absolute,Japan,JP,0
2012,Multilateral through UN and others,Absolute,Japan,JP,57.93702255
2012,Bilateral,Proportional,Japan,JP,0.896623985
2012,Multilateral through EU,Proportional,Japan,JP,0
2012,Multilateral through UN and others,Proportional,Japan,JP,0.103376015
2013,Bilateral,Absolute,Japan,JP,761.646255
2013,Multilateral through EU,Absolute,Japan,JP,0
2013,Multilateral through UN and others,Absolute,Japan,JP,75.94331698
2013,Bilateral,Proportional,Japan,JP,0.90933111
2013,Multilateral through EU,Proportional,Japan,JP,0
2013,Multilateral through UN and others,Proportional,Japan,JP,0.09066889
2014,Bilateral,Absolute,Japan,JP,793.643437
2014,Multilateral through EU,Absolute,Japan,JP,0
2014,Multilateral through UN and others,Absolute,Japan,JP,75.132103
2014,Bilateral,Proportional,Japan,JP,0.913519546
2014,Multilateral through EU,Proportional,Japan,JP,0
2014,Multilateral through UN and others,Proportional,Japan,JP,0.086480454
2015,Bilateral,Absolute,Japan,JP,1212.795665
2015,Multilateral through EU,Absolute,Japan,JP,0
2015,Multilateral through UN and others,Absolute,Japan,JP,94.65566959
2015,Bilateral,Proportional,Japan,JP,0.927602912
2015,Multilateral through EU,Proportional,Japan,JP,0
2015,Multilateral through UN and others,Proportional,Japan,JP,0.072397088
2016,Bilateral,Absolute,Japan,JP,773.1133502
2016,Multilateral through EU,Absolute,Japan,JP,0
2016,Multilateral through UN and others,Absolute,Japan,JP,117.1386358
2016,Bilateral,Proportional,Japan,JP,0.868420809
2016,Multilateral through EU,Proportional,Japan,JP,0
2016,Multilateral through UN and others,Proportional,Japan,JP,0.131579191
2017,Bilateral,Absolute,Japan,JP,778.217331
2017,Multilateral through EU,Absolute,Japan,JP,0
2017,Multilateral through UN and others,Absolute,Japan,JP,136.1210861
2017,Bilateral,Proportional,Japan,JP,0.851126144
2017,Multilateral through EU,Proportional,Japan,JP,0
2017,Multilateral through UN and others,Proportional,Japan,JP,0.148873856
2018,Bilateral,Absolute,Japan,JP,600.357198
2018,Multilateral through EU,Absolute,Japan,JP,0
2018,Multilateral through UN and others,Absolute,Japan,JP,154.174148
2018,Bilateral,Proportional,Japan,JP,0.795668995
2018,Multilateral through EU,Proportional,Japan,JP,0
2018,Multilateral through UN and others,Proportional,Japan,JP,0.204331005
2019,Bilateral,Absolute,Japan,JP,495.192171
2019,Multilateral through EU,Absolute,Japan,JP,0
2019,Multilateral through UN and others,Absolute,Japan,JP,191.337959
2019,Bilateral,Proportional,Japan,JP,0.72129707
2019,Multilateral through EU,Proportional,Japan,JP,0
2019,Multilateral through UN and others,Proportional,Japan,JP,0.27870293
2020,Bilateral,Absolute,Japan,JP,391.2485685
2020,Multilateral through EU,Absolute,Japan,JP,0
2020,Multilateral through UN and others,Absolute,Japan,JP,118.5727323
2020,Bilateral,Proportional,Japan,JP,0.767422954
2020,Multilateral through EU,Proportional,Japan,JP,0
2020,Multilateral through UN and others,Proportional,Japan,JP,0.232577046
2011,Bilateral,Absolute,Belgium,BE,151.821825
2011,Multilateral through EU,Absolute,Belgium,BE,63.73574838
2011,Multilateral through UN and others,Absolute,Belgium,BE,45.19316188
2011,Bilateral,Proportional,Belgium,BE,0.582248886
2011,Multilateral through EU,Proportional,Belgium,BE,0.244431711
2011,Multilateral through UN and others,Proportional,Belgium,BE,0.173319403
2012,Bilateral,Absolute,Belgium,BE,72.264403
2012,Multilateral through EU,Absolute,Belgium,BE,63.04806669
2012,Multilateral through UN and others,Absolute,Belgium,BE,47.37714348
2012,Bilateral,Proportional,Belgium,BE,0.395558356
2012,Multilateral through EU,Proportional,Belgium,BE,0.345110297
2012,Multilateral through UN and others,Proportional,Belgium,BE,0.259331347
2013,Bilateral,Absolute,Belgium,BE,129.978429
2013,Multilateral through EU,Absolute,Belgium,BE,69.39471839
2013,Multilateral through UN and others,Absolute,Belgium,BE,42.01397766
2013,Bilateral,Proportional,Belgium,BE,0.53846463
2013,Multilateral through EU,Proportional,Belgium,BE,0.287483097
2013,Multilateral through UN and others,Proportional,Belgium,BE,0.174052272
2014,Bilateral,Absolute,Belgium,BE,54.394431
2014,Multilateral through EU,Absolute,Belgium,BE,79.21516987
2014,Multilateral through UN and others,Absolute,Belgium,BE,54.08209691
2014,Bilateral,Proportional,Belgium,BE,0.289807336
2014,Multilateral through EU,Proportional,Belgium,BE,0.422049408
2014,Multilateral through UN and others,Proportional,Belgium,BE,0.288143256
2015,Bilateral,Absolute,Belgium,BE,149.631826
2015,Multilateral through EU,Absolute,Belgium,BE,72.60118028
2015,Multilateral through UN and others,Absolute,Belgium,BE,38.56225074
2015,Bilateral,Proportional,Belgium,BE,0.573752099
2015,Multilateral through EU,Proportional,Belgium,BE,0.278383822
2015,Multilateral through UN and others,Proportional,Belgium,BE,0.14786408
2016,Bilateral,Absolute,Belgium,BE,257.084661
2016,Multilateral through EU,Absolute,Belgium,BE,100.3327087
2016,Multilateral through UN and others,Absolute,Belgium,BE,57.20567601
2016,Bilateral,Proportional,Belgium,BE,0.620044312
2016,Multilateral through EU,Proportional,Belgium,BE,0.241985364
2016,Multilateral through UN and others,Proportional,Belgium,BE,0.137970324
2017,Bilateral,Absolute,Belgium,BE,170.712274
2017,Multilateral through EU,Absolute,Belgium,BE,99.20885258
2017,Multilateral through UN and others,Absolute,Belgium,BE,61.63259659
2017,Bilateral,Proportional,Belgium,BE,0.51488571
2017,Multilateral through EU,Proportional,Belgium,BE,0.299224064
2017,Multilateral through UN and others,Proportional,Belgium,BE,0.185890226
2018,Bilateral,Absolute,Belgium,BE,183.282218
2018,Multilateral through EU,Absolute,Belgium,BE,81.21426283
2018,Multilateral through UN and others,Absolute,Belgium,BE,54.17841402
2018,Bilateral,Proportional,Belgium,BE,0.575138553
2018,Multilateral through EU,Proportional,Belgium,BE,0.254849893
2018,Multilateral through UN and others,Proportional,Belgium,BE,0.170011554
2019,Bilateral,Absolute,Belgium,BE,154.415959
2019,Multilateral through EU,Absolute,Belgium,BE,87.1871236
2019,Multilateral through UN and others,Absolute,Belgium,BE,63.25310041
2019,Bilateral,Proportional,Belgium,BE,0.506520673
2019,Multilateral through EU,Proportional,Belgium,BE,0.285994277
2019,Multilateral through UN and others,Proportional,Belgium,BE,0.20748505
2020,Bilateral,Absolute,Belgium,BE,214.820047
2020,Multilateral through EU,Absolute,Belgium,BE,103.444111
2020,Multilateral through UN and others,Absolute,Belgium,BE,103.9426626
2020,Bilateral,Proportional,Belgium,BE,0.508802882
2020,Multilateral through EU,Proportional,Belgium,BE,0.245008148
2020,Multilateral through UN and others,Proportional,Belgium,BE,0.246188971
2011,Bilateral,Absolute,UAE,AE,171.3870263
2011,Multilateral through EU,Absolute,UAE,AE,0
2011,Multilateral through UN and others,Absolute,UAE,AE,0
2011,Bilateral,Proportional,UAE,AE,1
2011,Multilateral through EU,Proportional,UAE,AE,0
2011,Multilateral through UN and others,Proportional,UAE,AE,0
2012,Bilateral,Absolute,UAE,AE,37.49042639
2012,Multilateral through EU,Absolute,UAE,AE,0
2012,Multilateral through UN and others,Absolute,UAE,AE,0
2012,Bilateral,Proportional,UAE,AE,1
2012,Multilateral through EU,Proportional,UAE,AE,0
2012,Multilateral through UN and others,Proportional,UAE,AE,0
2013,Bilateral,Absolute,UAE,AE,271.5720384
2013,Multilateral through EU,Absolute,UAE,AE,0
2013,Multilateral through UN and others,Absolute,UAE,AE,0
2013,Bilateral,Proportional,UAE,AE,1
2013,Multilateral through EU,Proportional,UAE,AE,0
2013,Multilateral through UN and others,Proportional,UAE,AE,0
2014,Bilateral,Absolute,UAE,AE,133.641956
2014,Multilateral through EU,Absolute,UAE,AE,0
2014,Multilateral through UN and others,Absolute,UAE,AE,0
2014,Bilateral,Proportional,UAE,AE,1
2014,Multilateral through EU,Proportional,UAE,AE,0
2014,Multilateral through UN and others,Proportional,UAE,AE,0
2015,Bilateral,Absolute,UAE,AE,766.8888017
2015,Multilateral through EU,Absolute,UAE,AE,0
2015,Multilateral through UN and others,Absolute,UAE,AE,0
2015,Bilateral,Proportional,UAE,AE,1
2015,Multilateral through EU,Proportional,UAE,AE,0
2015,Multilateral through UN and others,Proportional,UAE,AE,0
2016,Bilateral,Absolute,UAE,AE,801.3315892
2016,Multilateral through EU,Absolute,UAE,AE,0
2016,Multilateral through UN and others,Absolute,UAE,AE,0
2016,Bilateral,Proportional,UAE,AE,1
2016,Multilateral through EU,Proportional,UAE,AE,0
2016,Multilateral through UN and others,Proportional,UAE,AE,0
2017,Bilateral,Absolute,UAE,AE,320.6973941
2017,Multilateral through EU,Absolute,UAE,AE,0
2017,Multilateral through UN and others,Absolute,UAE,AE,0
2017,Bilateral,Proportional,UAE,AE,1
2017,Multilateral through EU,Proportional,UAE,AE,0
2017,Multilateral through UN and others,Proportional,UAE,AE,0
2018,Bilateral,Absolute,UAE,AE,2168.420588
2018,Multilateral through EU,Absolute,UAE,AE,0
2018,Multilateral through UN and others,Absolute,UAE,AE,0
2018,Bilateral,Proportional,UAE,AE,1
2018,Multilateral through EU,Proportional,UAE,AE,0
2018,Multilateral through UN and others,Proportional,UAE,AE,0
2019,Bilateral,Absolute,UAE,AE,624.6587489
2019,Multilateral through EU,Absolute,UAE,AE,0
2019,Multilateral through UN and others,Absolute,UAE,AE,0
2019,Bilateral,Proportional,UAE,AE,1
2019,Multilateral through EU,Proportional,UAE,AE,0
2019,Multilateral through UN and others,Proportional,UAE,AE,0
2020,Bilateral,Absolute,UAE,AE,382.5367646
2020,Multilateral through EU,Absolute,UAE,AE,0
2020,Multilateral through UN and others,Absolute,UAE,AE,0
2020,Bilateral,Proportional,UAE,AE,1
2020,Multilateral through EU,Proportional,UAE,AE,0
2020,Multilateral through UN and others,Proportional,UAE,AE,0
2011,Bilateral,Absolute,Spain,ES,210.854109
2011,Multilateral through EU,Absolute,Spain,ES,130.0514578
2011,Multilateral through UN and others,Absolute,Spain,ES,60.87143957
2011,Bilateral,Proportional,Spain,ES,0.524803823
2011,Multilateral through EU,Proportional,Spain,ES,0.323690644
2011,Multilateral through UN and others,Proportional,Spain,ES,0.151505533
2012,Bilateral,Absolute,Spain,ES,82.230864
2012,Multilateral through EU,Absolute,Spain,ES,126.8680988
2012,Multilateral through UN and others,Absolute,Spain,ES,5.06421511
2012,Bilateral,Proportional,Spain,ES,0.383963596
2012,Multilateral through EU,Proportional,Spain,ES,0.592389878
2012,Multilateral through UN and others,Proportional,Spain,ES,0.023646526
2013,Bilateral,Absolute,Spain,ES,49.184744
2013,Multilateral through EU,Absolute,Spain,ES,137.9198077
2013,Multilateral through UN and others,Absolute,Spain,ES,2.518859229
2013,Bilateral,Proportional,Spain,ES,0.25938118
2013,Multilateral through EU,Proportional,Spain,ES,0.727335338
2013,Multilateral through UN and others,Proportional,Spain,ES,0.013283482
2014,Bilateral,Absolute,Spain,ES,66.73632823
2014,Multilateral through EU,Absolute,Spain,ES,153.1908448
2014,Multilateral through UN and others,Absolute,Spain,ES,2.084478886
2014,Bilateral,Proportional,Spain,ES,0.300598314
2014,Multilateral through EU,Proportional,Spain,ES,0.690012634
2014,Multilateral through UN and others,Proportional,Spain,ES,0.009389052
2015,Bilateral,Absolute,Spain,ES,54.365854
2015,Multilateral through EU,Absolute,Spain,ES,138.4022411
2015,Multilateral through UN and others,Absolute,Spain,ES,5.943967925
2015,Bilateral,Proportional,Spain,ES,0.273591111
2015,Multilateral through EU,Proportional,Spain,ES,0.696496423
2015,Multilateral through UN and others,Proportional,Spain,ES,0.029912466
2016,Bilateral,Absolute,Spain,ES,59.87375459
2016,Multilateral through EU,Absolute,Spain,ES,203.3757356
2016,Multilateral through UN and others,Absolute,Spain,ES,49.12886512
2016,Bilateral,Proportional,Spain,ES,0.191670625
2016,Multilateral through EU,Proportional,Spain,ES,0.651055786
2016,Multilateral through UN and others,Proportional,Spain,ES,0.157273589
2017,Bilateral,Absolute,Spain,ES,64.51755203
2017,Multilateral through EU,Absolute,Spain,ES,181.6045236
2017,Multilateral through UN and others,Absolute,Spain,ES,50.88194829
2017,Bilateral,Proportional,Spain,ES,0.217227872
2017,Multilateral through EU,Proportional,Spain,ES,0.611454758
2017,Multilateral through UN and others,Proportional,Spain,ES,0.17131737
2018,Bilateral,Absolute,Spain,ES,60.073535
2018,Multilateral through EU,Absolute,Spain,ES,167.7274939
2018,Multilateral through UN and others,Absolute,Spain,ES,50.35037328
2018,Bilateral,Proportional,Spain,ES,0.21597423
2018,Multilateral through EU,Proportional,Spain,ES,0.603007904
2018,Multilateral through UN and others,Proportional,Spain,ES,0.181017866
2019,Bilateral,Absolute,Spain,ES,69.390409
2019,Multilateral through EU,Absolute,Spain,ES,179.1680945
2019,Multilateral through UN and others,Absolute,Spain,ES,14.89797476
2019,Bilateral,Proportional,Spain,ES,0.263384713
2019,Multilateral through EU,Proportional,Spain,ES,0.680067143
2019,Multilateral through UN and others,Proportional,Spain,ES,0.056548144
2020,Bilateral,Absolute,Spain,ES,101.005868
2020,Multilateral through EU,Absolute,Spain,ES,210.2117086
2020,Multilateral through UN and others,Absolute,Spain,ES,20.312158
2020,Bilateral,Proportional,Spain,ES,0.30466609
2020,Multilateral through EU,Proportional,Spain,ES,0.634065927
2020,Multilateral through UN and others,Proportional,Spain,ES,0.061267983
2011,Bilateral,Absolute,Ireland,IE,83.83643026
2011,Multilateral through EU,Absolute,Ireland,IE,19.16357243
2011,Multilateral through UN and others,Absolute,Ireland,IE,23.70040664
2011,Bilateral,Proportional,Ireland,IE,0.661690287
2011,Multilateral through EU,Proportional,Ireland,IE,0.15125107
2011,Multilateral through UN and others,Proportional,Ireland,IE,0.187058643
2012,Bilateral,Absolute,Ireland,IE,104.081423
2012,Multilateral through EU,Absolute,Ireland,IE,18.39454712
2012,Multilateral through UN and others,Absolute,Ireland,IE,25.84159551
2012,Bilateral,Proportional,Ireland,IE,0.70174711
2012,Multilateral through EU,Proportional,Ireland,IE,0.124021366
2012,Multilateral through UN and others,Proportional,Ireland,IE,0.174231524
2013,Bilateral,Absolute,Ireland,IE,96.365246
2013,Multilateral through EU,Absolute,Ireland,IE,18.99380134
2013,Multilateral through UN and others,Absolute,Ireland,IE,35.16750124
2013,Bilateral,Proportional,Ireland,IE,0.640187707
2013,Multilateral through EU,Proportional,Ireland,IE,0.126182401
2013,Multilateral through UN and others,Proportional,Ireland,IE,0.233629892
2014,Bilateral,Absolute,Ireland,IE,96.299604
2014,Multilateral through EU,Absolute,Ireland,IE,23.03823831
2014,Multilateral through UN and others,Absolute,Ireland,IE,35.44060407
2014,Bilateral,Proportional,Ireland,IE,0.622177094
2014,Multilateral through EU,Proportional,Ireland,IE,0.148846554
2014,Multilateral through UN and others,Proportional,Ireland,IE,0.228976352
2015,Bilateral,Absolute,Ireland,IE,95.226451
2015,Multilateral through EU,Absolute,Ireland,IE,21.74530778
2015,Multilateral through UN and others,Absolute,Ireland,IE,46.89128329
2015,Bilateral,Proportional,Ireland,IE,0.581134402
2015,Multilateral through EU,Proportional,Ireland,IE,0.132704163
2015,Multilateral through UN and others,Proportional,Ireland,IE,0.286161435
2016,Bilateral,Absolute,Ireland,IE,117.697204
2016,Multilateral through EU,Absolute,Ireland,IE,35.90263388
2016,Multilateral through UN and others,Absolute,Ireland,IE,73.70370638
2016,Bilateral,Proportional,Ireland,IE,0.517797487
2016,Multilateral through EU,Proportional,Ireland,IE,0.157950172
2016,Multilateral through UN and others,Proportional,Ireland,IE,0.324252341
2017,Bilateral,Absolute,Ireland,IE,117.863862
2017,Multilateral through EU,Absolute,Ireland,IE,31.77296116
2017,Multilateral through UN and others,Absolute,Ireland,IE,61.52148931
2017,Bilateral,Proportional,Ireland,IE,0.558177704
2017,Multilateral through EU,Proportional,Ireland,IE,0.150469857
2017,Multilateral through UN and others,Proportional,Ireland,IE,0.291352439
2018,Bilateral,Absolute,Ireland,IE,121.948211
2018,Multilateral through EU,Absolute,Ireland,IE,30.62096683
2018,Multilateral through UN and others,Absolute,Ireland,IE,61.00261692
2018,Bilateral,Proportional,Ireland,IE,0.570993989
2018,Multilateral through EU,Proportional,Ireland,IE,0.143375519
2018,Multilateral through UN and others,Proportional,Ireland,IE,0.285630492
2019,Bilateral,Absolute,Ireland,IE,120.336332
2019,Multilateral through EU,Absolute,Ireland,IE,32.23561346
2019,Multilateral through UN and others,Absolute,Ireland,IE,57.86831213
2019,Bilateral,Proportional,Ireland,IE,0.571831328
2019,Multilateral through EU,Proportional,Ireland,IE,0.153181781
2019,Multilateral through UN and others,Proportional,Ireland,IE,0.274986891
2020,Bilateral,Absolute,Ireland,IE,115.8979368
2020,Multilateral through EU,Absolute,Ireland,IE,38.59097629
2020,Multilateral through UN and others,Absolute,Ireland,IE,60.58376324
2020,Bilateral,Proportional,Ireland,IE,0.538878015
2020,Multilateral through EU,Proportional,Ireland,IE,0.17943226
2020,Multilateral through UN and others,Proportional,Ireland,IE,0.281689726
2011,Bilateral,Absolute,Finland,FI,108.742524
2011,Multilateral through EU,Absolute,Finland,FI,26.1143695
2011,Multilateral through UN and others,Absolute,Finland,FI,39.5709007
2011,Bilateral,Proportional,Finland,FI,0.623424291
2011,Multilateral through EU,Proportional,Finland,FI,0.149714497
2011,Multilateral through UN and others,Proportional,Finland,FI,0.226861211
2012,Bilateral,Absolute,Finland,FI,98.828429
2012,Multilateral through EU,Absolute,Finland,FI,26.13844041
2012,Multilateral through UN and others,Absolute,Finland,FI,27.11867328
2012,Bilateral,Proportional,Finland,FI,0.649821326
2012,Multilateral through EU,Proportional,Finland,FI,0.1718667
2012,Multilateral through UN and others,Proportional,Finland,FI,0.178311974
2013,Bilateral,Absolute,Finland,FI,98.326936
2013,Multilateral through EU,Absolute,Finland,FI,27.28089223
2013,Multilateral through UN and others,Absolute,Finland,FI,42.90854707
2013,Bilateral,Proportional,Finland,FI,0.583485942
2013,Multilateral through EU,Proportional,Finland,FI,0.161888672
2013,Multilateral through UN and others,Proportional,Finland,FI,0.254625386
2014,Bilateral,Absolute,Finland,FI,112.623601
2014,Multilateral through EU,Absolute,Finland,FI,29.72207478
2014,Multilateral through UN and others,Absolute,Finland,FI,41.78343097
2014,Bilateral,Proportional,Finland,FI,0.611655609
2014,Multilateral through EU,Proportional,Finland,FI,0.161419752
2014,Multilateral through UN and others,Proportional,Finland,FI,0.226924638
2015,Bilateral,Absolute,Finland,FI,92.987699
2015,Multilateral through EU,Absolute,Finland,FI,26.1446935
2015,Multilateral through UN and others,Absolute,Finland,FI,51.80270587
2015,Bilateral,Proportional,Finland,FI,0.543994182
2015,Multilateral through EU,Proportional,Finland,FI,0.152950996
2015,Multilateral through UN and others,Proportional,Finland,FI,0.303054822
2016,Bilateral,Absolute,Finland,FI,85.329806
2016,Multilateral through EU,Absolute,Finland,FI,38.59251953
2016,Multilateral through UN and others,Absolute,Finland,FI,47.34153968
2016,Bilateral,Proportional,Finland,FI,0.4982359
2016,Multilateral through EU,Proportional,Finland,FI,0.225339534
2016,Multilateral through UN and others,Proportional,Finland,FI,0.276424566
2017,Bilateral,Absolute,Finland,FI,69.114009
2017,Multilateral through EU,Absolute,Finland,FI,39.33773863
2017,Multilateral through UN and others,Absolute,Finland,FI,51.02179738
2017,Bilateral,Proportional,Finland,FI,0.433388554
2017,Multilateral through EU,Proportional,Finland,FI,0.246672504
2017,Multilateral through UN and others,Proportional,Finland,FI,0.319938943
2018,Bilateral,Absolute,Finland,FI,48.568587
2018,Multilateral through EU,Absolute,Finland,FI,31.55726348
2018,Multilateral through UN and others,Absolute,Finland,FI,57.20950446
2018,Bilateral,Proportional,Finland,FI,0.353649554
2018,Multilateral through EU,Proportional,Finland,FI,0.229782517
2018,Multilateral through UN and others,Proportional,Finland,FI,0.41656793
2019,Bilateral,Absolute,Finland,FI,55.084295
2019,Multilateral through EU,Absolute,Finland,FI,33.49178556
2019,Multilateral through UN and others,Absolute,Finland,FI,42.81729763
2019,Bilateral,Proportional,Finland,FI,0.419231896
2019,Multilateral through EU,Proportional,Finland,FI,0.254897058
2019,Multilateral through UN and others,Proportional,Finland,FI,0.325871046
2020,Bilateral,Absolute,Finland,FI,86.04785232
2020,Multilateral through EU,Absolute,Finland,FI,40.56311609
2020,Multilateral through UN and others,Absolute,Finland,FI,49.16178687
2020,Bilateral,Proportional,Finland,FI,0.489540328
2020,Multilateral through EU,Proportional,Finland,FI,0.230770213
2020,Multilateral through UN and others,Proportional,Finland,FI,0.279689459
2011,Bilateral,Absolute,Korea,KR,25.69044596
2011,Multilateral through EU,Absolute,Korea,KR,0
2011,Multilateral through UN and others,Absolute,Korea,KR,11.90523917
2011,Bilateral,Proportional,Korea,KR,0.683334959
2011,Multilateral through EU,Proportional,Korea,KR,0
2011,Multilateral through UN and others,Proportional,Korea,KR,0.316665041
2012,Bilateral,Absolute,Korea,KR,17.552023
2012,Multilateral through EU,Absolute,Korea,KR,0
2012,Multilateral through UN and others,Absolute,Korea,KR,12.20783336
2012,Bilateral,Proportional,Korea,KR,0.589788566
2012,Multilateral through EU,Proportional,Korea,KR,0
2012,Multilateral through UN and others,Proportional,Korea,KR,0.410211434
2013,Bilateral,Absolute,Korea,KR,27.243362
2013,Multilateral through EU,Absolute,Korea,KR,0
2013,Multilateral through UN and others,Absolute,Korea,KR,11.27594179
2013,Bilateral,Proportional,Korea,KR,0.707265171
2013,Multilateral through EU,Proportional,Korea,KR,0
2013,Multilateral through UN and others,Proportional,Korea,KR,0.292734829
2014,Bilateral,Absolute,Korea,KR,70.570986
2014,Multilateral through EU,Absolute,Korea,KR,0
2014,Multilateral through UN and others,Absolute,Korea,KR,12.21245111
2014,Bilateral,Proportional,Korea,KR,0.852477119
2014,Multilateral through EU,Proportional,Korea,KR,0
2014,Multilateral through UN and others,Proportional,Korea,KR,0.147522881
2015,Bilateral,Absolute,Korea,KR,51.902136
2015,Multilateral through EU,Absolute,Korea,KR,0
2015,Multilateral through UN and others,Absolute,Korea,KR,15.29910543
2015,Bilateral,Proportional,Korea,KR,0.772338946
2015,Multilateral through EU,Proportional,Korea,KR,0
2015,Multilateral through UN and others,Proportional,Korea,KR,0.227661054
2016,Bilateral,Absolute,Korea,KR,66.92523817
2016,Multilateral through EU,Absolute,Korea,KR,0
2016,Multilateral through UN and others,Absolute,Korea,KR,16.15658743
2016,Bilateral,Proportional,Korea,KR,0.805534035
2016,Multilateral through EU,Proportional,Korea,KR,0
2016,Multilateral through UN and others,Proportional,Korea,KR,0.194465965
2017,Bilateral,Absolute,Korea,KR,95.19098924
2017,Multilateral through EU,Absolute,Korea,KR,0
2017,Multilateral through UN and others,Absolute,Korea,KR,16.13565152
2017,Bilateral,Proportional,Korea,KR,0.855060286
2017,Multilateral through EU,Proportional,Korea,KR,0
2017,Multilateral through UN and others,Proportional,Korea,KR,0.144939714
2018,Bilateral,Absolute,Korea,KR,122.43447
2018,Multilateral through EU,Absolute,Korea,KR,0
2018,Multilateral through UN and others,Absolute,Korea,KR,16.98033301
2018,Bilateral,Proportional,Korea,KR,0.878202797
2018,Multilateral through EU,Proportional,Korea,KR,0
2018,Multilateral through UN and others,Proportional,Korea,KR,0.121797203
2019,Bilateral,Absolute,Korea,KR,123.51202
2019,Multilateral through EU,Absolute,Korea,KR,0
2019,Multilateral through UN and others,Absolute,Korea,KR,20.37145462
2019,Bilateral,Proportional,Korea,KR,0.858416996
2019,Multilateral through EU,Proportional,Korea,KR,0
2019,Multilateral through UN and others,Proportional,Korea,KR,0.141583004
2020,Bilateral,Absolute,Korea,KR,139.420181
2020,Multilateral through EU,Absolute,Korea,KR,0
2020,Multilateral through UN and others,Absolute,Korea,KR,21.22806748
2020,Bilateral,Proportional,Korea,KR,0.867859951
2020,Multilateral through EU,Proportional,Korea,KR,0
2020,Multilateral through UN and others,Proportional,Korea,KR,0.132140049
2011,Bilateral,Absolute,Australia,AU,327.7685078
2011,Multilateral through EU,Absolute,Australia,AU,0
2011,Multilateral through UN and others,Absolute,Australia,AU,69.13778724
2011,Bilateral,Proportional,Australia,AU,0.825808287
2011,Multilateral through EU,Proportional,Australia,AU,0
2011,Multilateral through UN and others,Proportional,Australia,AU,0.174191713
2012,Bilateral,Absolute,Australia,AU,258.214657
2012,Multilateral through EU,Absolute,Australia,AU,0
2012,Multilateral through UN and others,Absolute,Australia,AU,102.4603992
2012,Bilateral,Proportional,Australia,AU,0.715920473
2012,Multilateral through EU,Proportional,Australia,AU,0
2012,Multilateral through UN and others,Proportional,Australia,AU,0.284079527
2013,Bilateral,Absolute,Australia,AU,209.810335
2013,Multilateral through EU,Absolute,Australia,AU,0
2013,Multilateral through UN and others,Absolute,Australia,AU,72.93320639
2013,Bilateral,Proportional,Australia,AU,0.742051733
2013,Multilateral through EU,Proportional,Australia,AU,0
2013,Multilateral through UN and others,Proportional,Australia,AU,0.257948267
2014,Bilateral,Absolute,Australia,AU,239.181886
2014,Multilateral through EU,Absolute,Australia,AU,0
2014,Multilateral through UN and others,Absolute,Australia,AU,72.92594909
2014,Bilateral,Proportional,Australia,AU,0.766343741
2014,Multilateral through EU,Proportional,Australia,AU,0
2014,Multilateral through UN and others,Proportional,Australia,AU,0.233656259
2015,Bilateral,Absolute,Australia,AU,243.67429
2015,Multilateral through EU,Absolute,Australia,AU,0
2015,Multilateral through UN and others,Absolute,Australia,AU,63.26197589
2015,Bilateral,Proportional,Australia,AU,0.793892143
2015,Multilateral through EU,Proportional,Australia,AU,0
2015,Multilateral through UN and others,Proportional,Australia,AU,0.206107857
2016,Bilateral,Absolute,Australia,AU,151.406555
2016,Multilateral through EU,Absolute,Australia,AU,0
2016,Multilateral through UN and others,Absolute,Australia,AU,72.44152014
2016,Bilateral,Proportional,Australia,AU,0.676380866
2016,Multilateral through EU,Proportional,Australia,AU,0
2016,Multilateral through UN and others,Proportional,Australia,AU,0.323619134
2017,Bilateral,Absolute,Australia,AU,197.478094
2017,Multilateral through EU,Absolute,Australia,AU,0
2017,Multilateral through UN and others,Absolute,Australia,AU,44.71791321
2017,Bilateral,Proportional,Australia,AU,0.815364779
2017,Multilateral through EU,Proportional,Australia,AU,0
2017,Multilateral through UN and others,Proportional,Australia,AU,0.184635221
2018,Bilateral,Absolute,Australia,AU,176.022989
2018,Multilateral through EU,Absolute,Australia,AU,0
2018,Multilateral through UN and others,Absolute,Australia,AU,46.51876569
2018,Bilateral,Proportional,Australia,AU,0.790966123
2018,Multilateral through EU,Proportional,Australia,AU,0
2018,Multilateral through UN and others,Proportional,Australia,AU,0.209033877
2019,Bilateral,Absolute,Australia,AU,222.43657
2019,Multilateral through EU,Absolute,Australia,AU,0
2019,Multilateral through UN and others,Absolute,Australia,AU,39.95420888
2019,Bilateral,Proportional,Australia,AU,0.847730133
2019,Multilateral through EU,Proportional,Australia,AU,0
2019,Multilateral through UN and others,Proportional,Australia,AU,0.152269867
2020,Bilateral,Absolute,Australia,AU,90.644728
2020,Multilateral through EU,Absolute,Australia,AU,0
2020,Multilateral through UN and others,Absolute,Australia,AU,57.07115933
2020,Bilateral,Proportional,Australia,AU,0.613642375
2020,Multilateral through EU,Proportional,Australia,AU,0
2020,Multilateral through UN and others,Proportional,Australia,AU,0.386357625
